url,product_id,category,title,price,scraped,timestamp
https://www.amazon.com/6102278-Suplemento-base-verde-Lego/dp/B00NHQF65S/ref=zg_bs_toys-and-games_44?_encoding=UTF8&psc=1&refRID=F8JPS6SMCPY0CQKK6MYD,B00NHQF65S,"{'url': 'https://www.amazon.com/Best-Sellers-Toys-Games/zgbs/toys-and-games/', 'category_name': 'toys-and-games'}",,,,
https://www.amazon.com/Little-Tikes-EasyScore-Basketball-Exclusive/dp/B01C5A2WJO/ref=zg_bs_toys-and-games_37?_encoding=UTF8&psc=1&refRID=F8JPS6SMCPY0CQKK6MYD,B01C5A2WJO,"{'url': 'https://www.amazon.com/Best-Sellers-Toys-Games/zgbs/toys-and-games/', 'category_name': 'toys-and-games'}",,,,
https://www.amazon.com/Play-Doh-Pack-Case-Blue/dp/B07BC152DC/ref=zg_bs_toys-and-games_12?_encoding=UTF8&psc=1&refRID=F8JPS6SMCPY0CQKK6MYD,B07BC152DC,"{'url': 'https://www.amazon.com/Best-Sellers-Toys-Games/zgbs/toys-and-games/', 'category_name': 'toys-and-games'}",,,,
https://www.amazon.com/Baby-Einstein-Creative-Composer-Musical/dp/B083XNLSN3/ref=zg_bs_toys-and-games_48?_encoding=UTF8&psc=1&refRID=F8JPS6SMCPY0CQKK6MYD,B083XNLSN3,"{'url': 'https://www.amazon.com/Best-Sellers-Toys-Games/zgbs/toys-and-games/', 'category_name': 'toys-and-games'}",,,,
https://www.amazon.com/First-Princess-Make-Kit-Everything/dp/B07FPWYY79/ref=zg_bs_toys-and-games_27?_encoding=UTF8&psc=1&refRID=F8JPS6SMCPY0CQKK6MYD,B07FPWYY79,"{'url': 'https://www.amazon.com/Best-Sellers-Toys-Games/zgbs/toys-and-games/', 'category_name': 'toys-and-games'}",,,,
https://www.amazon.com/First-Years-Stack-Up-Cups/dp/B00005C5H4/ref=zg_bs_toys-and-games_9?_encoding=UTF8&psc=1&refRID=F8JPS6SMCPY0CQKK6MYD,B00005C5H4,"{'url': 'https://www.amazon.com/Best-Sellers-Toys-Games/zgbs/toys-and-games/', 'category_name': 'toys-and-games'}",,,,
https://www.amazon.com/SplashEZ-Splash-Sprinkler-Toddler-Learning/dp/B0836WRWFY/ref=zg_bs_toys-and-games_5?_encoding=UTF8&psc=1&refRID=F8JPS6SMCPY0CQKK6MYD,B0836WRWFY,"{'url': 'https://www.amazon.com/Best-Sellers-Toys-Games/zgbs/toys-and-games/', 'category_name': 'toys-and-games'}",,,,
https://www.amazon.com/Intex-River-Lounge-Inflatable-Diameter/dp/B000PEOMC8/ref=zg_bs_toys-and-games_3?_encoding=UTF8&psc=1&refRID=F8JPS6SMCPY0CQKK6MYD,B000PEOMC8,"{'url': 'https://www.amazon.com/Best-Sellers-Toys-Games/zgbs/toys-and-games/', 'category_name': 'toys-and-games'}",,,,
https://www.amazon.com/Crayola-Shark-Coloring-Pages-Wonder/dp/B07PMLL5L7/ref=zg_bs_toys-and-games_18?_encoding=UTF8&psc=1&refRID=F8JPS6SMCPY0CQKK6MYD,B07PMLL5L7,"{'url': 'https://www.amazon.com/Best-Sellers-Toys-Games/zgbs/toys-and-games/', 'category_name': 'toys-and-games'}",,,,
https://www.amazon.com/Crayola-12-Ultra-Clean-Washable-Markers/dp/B003HGGPLW/ref=zg_bs_toys-and-games_50?_encoding=UTF8&psc=1&refRID=F8JPS6SMCPY0CQKK6MYD,B003HGGPLW,"{'url': 'https://www.amazon.com/Best-Sellers-Toys-Games/zgbs/toys-and-games/', 'category_name': 'toys-and-games'}",,,,
https://www.amazon.com/WOWMAZING-Giant-Bubble-Wands-Kit/dp/B01CK78BLA/ref=zg_bs_toys-and-games_24?_encoding=UTF8&psc=1&refRID=F8JPS6SMCPY0CQKK6MYD,B01CK78BLA,"{'url': 'https://www.amazon.com/Best-Sellers-Toys-Games/zgbs/toys-and-games/', 'category_name': 'toys-and-games'}",,,,
https://www.amazon.com/Mattel-Games-FPD61-Minecraft-Card/dp/B074RCV4HQ/ref=zg_bs_toys-and-games_30?_encoding=UTF8&psc=1&refRID=F8JPS6SMCPY0CQKK6MYD,B074RCV4HQ,"{'url': 'https://www.amazon.com/Best-Sellers-Toys-Games/zgbs/toys-and-games/', 'category_name': 'toys-and-games'}",,,,
https://www.amazon.com/Child-11-inch-Yoda-like-Figure-Mandalorian/dp/B0825SNHP1/ref=zg_bs_toys-and-games_23?_encoding=UTF8&psc=1&refRID=F8JPS6SMCPY0CQKK6MYD,B0825SNHP1,"{'url': 'https://www.amazon.com/Best-Sellers-Toys-Games/zgbs/toys-and-games/', 'category_name': 'toys-and-games'}",,,,
https://www.amazon.com/Hasbro-A5640-Connect-4-Game/dp/B00D8STBHY/ref=zg_bs_toys-and-games_8?_encoding=UTF8&psc=1&refRID=F8JPS6SMCPY0CQKK6MYD,B00D8STBHY,"{'url': 'https://www.amazon.com/Best-Sellers-Toys-Games/zgbs/toys-and-games/', 'category_name': 'toys-and-games'}",,,,
https://www.amazon.com/Tara-Toys-Barbie-Necklace-Activity/dp/B07WWZBF5G/ref=zg_bs_toys-and-games_7?_encoding=UTF8&psc=1&refRID=F8JPS6SMCPY0CQKK6MYD,B07WWZBF5G,"{'url': 'https://www.amazon.com/Best-Sellers-Toys-Games/zgbs/toys-and-games/', 'category_name': 'toys-and-games'}",,,,
https://www.amazon.com/Gazillion-Bubbles-1-Liter-Solution/dp/B001LO9TS8/ref=zg_bs_toys-and-games_34?_encoding=UTF8&psc=1&refRID=F8JPS6SMCPY0CQKK6MYD,B001LO9TS8,"{'url': 'https://www.amazon.com/Best-Sellers-Toys-Games/zgbs/toys-and-games/', 'category_name': 'toys-and-games'}",,,,
https://www.amazon.com/Kinetic-Sand-Sandtastic-Playset-Tools/dp/B07M5TPM8Q/ref=zg_bs_toys-and-games_49?_encoding=UTF8&psc=1&refRID=F8JPS6SMCPY0CQKK6MYD,B07M5TPM8Q,"{'url': 'https://www.amazon.com/Best-Sellers-Toys-Games/zgbs/toys-and-games/', 'category_name': 'toys-and-games'}",,,,
https://www.amazon.com/Crayola-Twistables-Classrooms-Preschools-Self-Sharpening/dp/B00062J99K/ref=zg_bs_toys-and-games_39?_encoding=UTF8&psc=1&refRID=F8JPS6SMCPY0CQKK6MYD,B00062J99K,"{'url': 'https://www.amazon.com/Best-Sellers-Toys-Games/zgbs/toys-and-games/', 'category_name': 'toys-and-games'}",,,,
https://www.amazon.com/LeapFrog-Scoop-Learn-Cream-Cart/dp/B06XKXPLRP/ref=zg_bs_toys-and-games_47?_encoding=UTF8&psc=1&refRID=F8JPS6SMCPY0CQKK6MYD,B06XKXPLRP,"{'url': 'https://www.amazon.com/Best-Sellers-Toys-Games/zgbs/toys-and-games/', 'category_name': 'toys-and-games'}",,,,
https://www.amazon.com/ArtCreativity-Bubble-Lawn-Mower-Electronic/dp/B07RJYZHN1/ref=zg_bs_toys-and-games_13?_encoding=UTF8&psc=1&refRID=F8JPS6SMCPY0CQKK6MYD,B07RJYZHN1,"{'url': 'https://www.amazon.com/Best-Sellers-Toys-Games/zgbs/toys-and-games/', 'category_name': 'toys-and-games'}",,,,
https://www.amazon.com/Inflatable-Splash-Sprinkler-Toddlers-Outdoor/dp/B082WXCM5W/ref=zg_bs_toys-and-games_6?_encoding=UTF8&psc=1&refRID=F8JPS6SMCPY0CQKK6MYD,B082WXCM5W,"{'url': 'https://www.amazon.com/Best-Sellers-Toys-Games/zgbs/toys-and-games/', 'category_name': 'toys-and-games'}",,,,
https://www.amazon.com/Talkies-Channels-Backlit-Flashlight-Adventure/dp/B085Y6TS3S/ref=zg_bs_toys-and-games_4?_encoding=UTF8&psc=1&refRID=F8JPS6SMCPY0CQKK6MYD,B085Y6TS3S,"{'url': 'https://www.amazon.com/Best-Sellers-Toys-Games/zgbs/toys-and-games/', 'category_name': 'toys-and-games'}",,,,
https://www.amazon.com/L-L-Surprise-Surprises-Including/dp/B07XSPCBVP/ref=zg_bs_toys-and-games_11?_encoding=UTF8&psc=1&refRID=F8JPS6SMCPY0CQKK6MYD,B07XSPCBVP,"{'url': 'https://www.amazon.com/Best-Sellers-Toys-Games/zgbs/toys-and-games/', 'category_name': 'toys-and-games'}",,,,
https://www.amazon.com/Flybar-Jumper-Toddlers-Durable-Supports/dp/B00WTDXSDM/ref=zg_bs_toys-and-games_25?_encoding=UTF8&psc=1&refRID=F8JPS6SMCPY0CQKK6MYD,B00WTDXSDM,"{'url': 'https://www.amazon.com/Best-Sellers-Toys-Games/zgbs/toys-and-games/', 'category_name': 'toys-and-games'}",,,,
https://www.amazon.com/CozyBomB-Magnetic-Fishing-Bathtub-Floating/dp/B07B6NP36Q/ref=zg_bs_toys-and-games_16?_encoding=UTF8&psc=1&refRID=F8JPS6SMCPY0CQKK6MYD,B07B6NP36Q,"{'url': 'https://www.amazon.com/Best-Sellers-Toys-Games/zgbs/toys-and-games/', 'category_name': 'toys-and-games'}",,,,
https://www.amazon.com/Sable-Inflatable-Kiddie-Outdoor-Backyard/dp/B082X1JWXC/ref=zg_bs_toys-and-games_41?_encoding=UTF8&psc=1&refRID=F8JPS6SMCPY0CQKK6MYD,B082X1JWXC,"{'url': 'https://www.amazon.com/Best-Sellers-Toys-Games/zgbs/toys-and-games/', 'category_name': 'toys-and-games'}",,,,
https://www.amazon.com/Waterproof-Stickers-Luggage-Scrapbook-Postcard/dp/B07QR3NWGK/ref=zg_bs_toys-and-games_20?_encoding=UTF8&psc=1&refRID=F8JPS6SMCPY0CQKK6MYD,B07QR3NWGK,"{'url': 'https://www.amazon.com/Best-Sellers-Toys-Games/zgbs/toys-and-games/', 'category_name': 'toys-and-games'}",,,,
https://www.amazon.com/First-Years-Disney-Mickey-Squirt/dp/B06Y1G2MH9/ref=zg_bs_toys-and-games_31?_encoding=UTF8&psc=1&refRID=F8JPS6SMCPY0CQKK6MYD,B06Y1G2MH9,"{'url': 'https://www.amazon.com/Best-Sellers-Toys-Games/zgbs/toys-and-games/', 'category_name': 'toys-and-games'}",,,,
https://www.amazon.com/VTech-Sit-to-Stand-Learning-Walker-Blue/dp/B07CRSXMW8/ref=zg_bs_toys-and-games_14?_encoding=UTF8&psc=1&refRID=F8JPS6SMCPY0CQKK6MYD,B07CRSXMW8,"{'url': 'https://www.amazon.com/Best-Sellers-Toys-Games/zgbs/toys-and-games/', 'category_name': 'toys-and-games'}",,,,
https://www.amazon.com/Creativity-Kids-Glow-Dark-Painting/dp/B07SXLYQ6S/ref=zg_bs_toys-and-games_28?_encoding=UTF8&psc=1&refRID=F8JPS6SMCPY0CQKK6MYD,B07SXLYQ6S,"{'url': 'https://www.amazon.com/Best-Sellers-Toys-Games/zgbs/toys-and-games/', 'category_name': 'toys-and-games'}",,,,
https://www.amazon.com/SwimWays-Spring-Activity-Center-Canopy/dp/B000WQZD9U/ref=zg_bs_toys-and-games_22?_encoding=UTF8&psc=1&refRID=F8JPS6SMCPY0CQKK6MYD,B000WQZD9U,"{'url': 'https://www.amazon.com/Best-Sellers-Toys-Games/zgbs/toys-and-games/', 'category_name': 'toys-and-games'}",,,,
https://www.amazon.com/Exploding-Kittens-LLC-EKG-ORG1-1-Card/dp/B010TQY7A8/ref=zg_bs_toys-and-games_35?_encoding=UTF8&psc=1&refRID=F8JPS6SMCPY0CQKK6MYD,B010TQY7A8,"{'url': 'https://www.amazon.com/Best-Sellers-Toys-Games/zgbs/toys-and-games/', 'category_name': 'toys-and-games'}",,,,
https://www.amazon.com/Cards-Against-Humanity-LLC-CAHUS/dp/B004S8F7QM/ref=zg_bs_toys-and-games_19?_encoding=UTF8&psc=1&refRID=F8JPS6SMCPY0CQKK6MYD,B004S8F7QM,"{'url': 'https://www.amazon.com/Best-Sellers-Toys-Games/zgbs/toys-and-games/', 'category_name': 'toys-and-games'}",,,,
https://www.amazon.com/Fisher-Price-Rattle-Rock-Maracas-Orange/dp/B071FLSWBS/ref=zg_bs_toys-and-games_46?_encoding=UTF8&psc=1&refRID=F8JPS6SMCPY0CQKK6MYD,B071FLSWBS,"{'url': 'https://www.amazon.com/Best-Sellers-Toys-Games/zgbs/toys-and-games/', 'category_name': 'toys-and-games'}",,,,
https://www.amazon.com/SwimWays-Toypedo-Bandits-Pool-Diving/dp/B0038ZVPFI/ref=zg_bs_toys-and-games_43?_encoding=UTF8&psc=1&refRID=F8JPS6SMCPY0CQKK6MYD,B0038ZVPFI,"{'url': 'https://www.amazon.com/Best-Sellers-Toys-Games/zgbs/toys-and-games/', 'category_name': 'toys-and-games'}",,,,
https://www.amazon.com/Fix-Find-flexible-colorful-Noodles/dp/B004UHED0C/ref=zg_bs_toys-and-games_40?_encoding=UTF8&psc=1&refRID=F8JPS6SMCPY0CQKK6MYD,B004UHED0C,"{'url': 'https://www.amazon.com/Best-Sellers-Toys-Games/zgbs/toys-and-games/', 'category_name': 'toys-and-games'}",,,,
https://www.amazon.com/Click-Play-Phthalate-Crush-Plastic/dp/B00PYLU3GG/ref=zg_bs_toys-and-games_45?_encoding=UTF8&psc=1&refRID=F8JPS6SMCPY0CQKK6MYD,B00PYLU3GG,"{'url': 'https://www.amazon.com/Best-Sellers-Toys-Games/zgbs/toys-and-games/', 'category_name': 'toys-and-games'}",,,,
https://www.amazon.com/Bunch-Balloons-Rapid-Fill-Amazon-Exclusive/dp/B07XYQY7SV/ref=zg_bs_toys-and-games_2?_encoding=UTF8&psc=1&refRID=F8JPS6SMCPY0CQKK6MYD,B07XYQY7SV,"{'url': 'https://www.amazon.com/Best-Sellers-Toys-Games/zgbs/toys-and-games/', 'category_name': 'toys-and-games'}",,,,
https://www.amazon.com/Animal-Suncatcher-Refill-Horizon-Group/dp/B07KD24XBS/ref=zg_bs_toys-and-games_38?_encoding=UTF8&psc=1&refRID=F8JPS6SMCPY0CQKK6MYD,B07KD24XBS,"{'url': 'https://www.amazon.com/Best-Sellers-Toys-Games/zgbs/toys-and-games/', 'category_name': 'toys-and-games'}",,,,
https://www.amazon.com/SunWorks-Construction-Paper-Black-Sheets/dp/B002LARR7Q/ref=zg_bs_toys-and-games_42?_encoding=UTF8&psc=1&refRID=F8JPS6SMCPY0CQKK6MYD,B002LARR7Q,"{'url': 'https://www.amazon.com/Best-Sellers-Toys-Games/zgbs/toys-and-games/', 'category_name': 'toys-and-games'}",,,,
https://www.amazon.com/Disney-Pixar-Story-Aliens-Figure/dp/B07HD27YZT/ref=zg_bs_toys-and-games_36?_encoding=UTF8&psc=1&refRID=F8JPS6SMCPY0CQKK6MYD,B07HD27YZT,"{'url': 'https://www.amazon.com/Best-Sellers-Toys-Games/zgbs/toys-and-games/', 'category_name': 'toys-and-games'}",,,,
https://www.amazon.com/Step2-Duck-Dive-Water-Table/dp/B07BFQDHH4/ref=zg_bs_toys-and-games_17?_encoding=UTF8&psc=1&refRID=F8JPS6SMCPY0CQKK6MYD,B07BFQDHH4,"{'url': 'https://www.amazon.com/Best-Sellers-Toys-Games/zgbs/toys-and-games/', 'category_name': 'toys-and-games'}",,,,
https://www.amazon.com/Double-Inflatables-Mattresses-Dual-Action-Attachments/dp/B084Y86V3J/ref=zg_bs_toys-and-games_21?_encoding=UTF8&psc=1&refRID=F8JPS6SMCPY0CQKK6MYD,B084Y86V3J,"{'url': 'https://www.amazon.com/Best-Sellers-Toys-Games/zgbs/toys-and-games/', 'category_name': 'toys-and-games'}",,,,
https://www.amazon.com/Intex-Float-Inflatable-Lounge-Colors/dp/B000OV0X4S/ref=zg_bs_toys-and-games_15?_encoding=UTF8&psc=1&refRID=F8JPS6SMCPY0CQKK6MYD,B000OV0X4S,"{'url': 'https://www.amazon.com/Best-Sellers-Toys-Games/zgbs/toys-and-games/', 'category_name': 'toys-and-games'}",,,,
https://www.amazon.com/Mattel-Games-Official-Amazon-Exclusive/dp/B07P6MZPK3/ref=zg_bs_toys-and-games_10?_encoding=UTF8&psc=1&refRID=F8JPS6SMCPY0CQKK6MYD,B07P6MZPK3,"{'url': 'https://www.amazon.com/Best-Sellers-Toys-Games/zgbs/toys-and-games/', 'category_name': 'toys-and-games'}",,,,
https://www.amazon.com/Munchkin-17040-Fishin-Bath-Toy/dp/B01N52DUNK/ref=zg_bs_toys-and-games_26?_encoding=UTF8&psc=1&refRID=F8JPS6SMCPY0CQKK6MYD,B01N52DUNK,"{'url': 'https://www.amazon.com/Best-Sellers-Toys-Games/zgbs/toys-and-games/', 'category_name': 'toys-and-games'}",,,,
https://www.amazon.com/Pacon-PAC6555-Lightweight-Construction-Assorted/dp/B0013CDJTS/ref=zg_bs_toys-and-games_29?_encoding=UTF8&psc=1&refRID=F8JPS6SMCPY0CQKK6MYD,B0013CDJTS,"{'url': 'https://www.amazon.com/Best-Sellers-Toys-Games/zgbs/toys-and-games/', 'category_name': 'toys-and-games'}",,,,
https://www.amazon.com/Jasonwell-Sprinkle-Sprinkler-Toddlers-Children/dp/B07LG9CGF1/ref=zg_bs_toys-and-games_33?_encoding=UTF8&psc=1&refRID=F8JPS6SMCPY0CQKK6MYD,B07LG9CGF1,"{'url': 'https://www.amazon.com/Best-Sellers-Toys-Games/zgbs/toys-and-games/', 'category_name': 'toys-and-games'}",,,,
https://www.amazon.com/Aqua-Multi-Purpose-Inflatable-Removable-Resistant/dp/B01N7FHWPY/ref=zg_bs_toys-and-games_1?_encoding=UTF8&psc=1&refRID=F8JPS6SMCPY0CQKK6MYD,B01N7FHWPY,"{'url': 'https://www.amazon.com/Best-Sellers-Toys-Games/zgbs/toys-and-games/', 'category_name': 'toys-and-games'}",,,,
https://www.amazon.com/Rockerz-450-Wireless-Bluetooth-Headphone/dp/B07PR1CL3S/ref=zg_bs_electronics_36/260-5334639-6204028?_encoding=UTF8&psc=1&refRID=8479WY48T91VRP3KPFE0,B07PR1CL3S,"{'url': 'https://www.amazon.in/gp/bestsellers/electronics/ref=zg_bs_nav_0', 'category_name': 'electronics'}",,,,
https://www.amazon.com/Mi-20000mAH-Li-Polymer-Sandstone-Charging/dp/B07VXJS7DH/ref=zg_bs_electronics_26/260-5334639-6204028?_encoding=UTF8&psc=1&refRID=8479WY48T91VRP3KPFE0,B07VXJS7DH,"{'url': 'https://www.amazon.in/gp/bestsellers/electronics/ref=zg_bs_nav_0', 'category_name': 'electronics'}",,,,
https://www.amazon.com/Redmi-Note-Cosmic-Purple-Storage/dp/B07X2KLKRT/ref=zg_bs_electronics_32/260-5334639-6204028?_encoding=UTF8&psc=1&refRID=8479WY48T91VRP3KPFE0,B07X2KLKRT,"{'url': 'https://www.amazon.in/gp/bestsellers/electronics/ref=zg_bs_nav_0', 'category_name': 'electronics'}",,,,
https://www.amazon.com/Mi-Earphones-Basic-Mic-Black/dp/B07CD2BN46/ref=zg_bs_electronics_15/260-5334639-6204028?_encoding=UTF8&psc=1&refRID=8479WY48T91VRP3KPFE0,B07CD2BN46,"{'url': 'https://www.amazon.in/gp/bestsellers/electronics/ref=zg_bs_nav_0', 'category_name': 'electronics'}",,,,
https://www.amazon.com/255-Bluetooth-Wireless-Earphone-Immersive/dp/B07C2VJXP4/ref=zg_bs_electronics_10/260-5334639-6204028?_encoding=UTF8&psc=1&refRID=8479WY48T91VRP3KPFE0,B07C2VJXP4,"{'url': 'https://www.amazon.in/gp/bestsellers/electronics/ref=zg_bs_nav_0', 'category_name': 'electronics'}",,,,
https://www.amazon.com/Fluorite-Purple-Storage-Additional-Exchange/dp/B07PTLD8P9/ref=zg_bs_electronics_30/260-5334639-6204028?_encoding=UTF8&psc=1&refRID=8479WY48T91VRP3KPFE0,B07PTLD8P9,"{'url': 'https://www.amazon.in/gp/bestsellers/electronics/ref=zg_bs_nav_0', 'category_name': 'electronics'}",,,,
https://www.amazon.com/HP-X1000-Wired-Mouse-Black/dp/B009VCGPSY/ref=zg_bs_electronics_48/260-5334639-6204028?_encoding=UTF8&psc=1&refRID=8479WY48T91VRP3KPFE0,B009VCGPSY,"{'url': 'https://www.amazon.in/gp/bestsellers/electronics/ref=zg_bs_nav_0', 'category_name': 'electronics'}",,,,
https://www.amazon.com/Test-Exclusive-669/dp/B07HGH8ML7/ref=zg_bs_electronics_24/260-5334639-6204028?_encoding=UTF8&psc=1&refRID=8479WY48T91VRP3KPFE0,B07HGH8ML7,"{'url': 'https://www.amazon.in/gp/bestsellers/electronics/ref=zg_bs_nav_0', 'category_name': 'electronics'}",,,,
https://www.amazon.com/BassHeads-152-Secure-Braided-Earphones/dp/B07KY2KP8M/ref=zg_bs_electronics_47/260-5334639-6204028?_encoding=UTF8&psc=1&refRID=8479WY48T91VRP3KPFE0,B07KY2KP8M,"{'url': 'https://www.amazon.in/gp/bestsellers/electronics/ref=zg_bs_nav_0', 'category_name': 'electronics'}",,,,
https://www.amazon.com/Redmi-Note-Pro-Storage-Processor/dp/B07X4PKGSN/ref=zg_bs_electronics_18/260-5334639-6204028?_encoding=UTF8&psc=1&refRID=8479WY48T91VRP3KPFE0,B07X4PKGSN,"{'url': 'https://www.amazon.in/gp/bestsellers/electronics/ref=zg_bs_nav_0', 'category_name': 'electronics'}",,,,
https://www.amazon.com/boAt-BassHeads-100-Headphones-White/dp/B07234XXJF/ref=zg_bs_electronics_37/260-5334639-6204028?_encoding=UTF8&psc=1&refRID=8479WY48T91VRP3KPFE0,B07234XXJF,"{'url': 'https://www.amazon.in/gp/bestsellers/electronics/ref=zg_bs_nav_0', 'category_name': 'electronics'}",,,,
https://www.amazon.com/Airdopes-441-Technology-Immersive-Resistance/dp/B086WM3RB8/ref=zg_bs_electronics_43/260-5334639-6204028?_encoding=UTF8&psc=1&refRID=8479WY48T91VRP3KPFE0,B086WM3RB8,"{'url': 'https://www.amazon.in/gp/bestsellers/electronics/ref=zg_bs_nav_0', 'category_name': 'electronics'}",,,,
https://www.amazon.com/BassHeads-102-Earphones-Multi-Function-Microphone/dp/B07S8PSW59/ref=zg_bs_electronics_34/260-5334639-6204028?_encoding=UTF8&psc=1&refRID=8479WY48T91VRP3KPFE0,B07S8PSW59,"{'url': 'https://www.amazon.in/gp/bestsellers/electronics/ref=zg_bs_nav_0', 'category_name': 'electronics'}",,,,
https://www.amazon.com/SanDisk-Cruzer-Blade-Flash-Drive/dp/B005FYNT3G/ref=zg_bs_electronics_39/260-5334639-6204028?_encoding=UTF8&psc=1&refRID=8479WY48T91VRP3KPFE0,B005FYNT3G,"{'url': 'https://www.amazon.in/gp/bestsellers/electronics/ref=zg_bs_nav_0', 'category_name': 'electronics'}",,,,
https://www.amazon.com/Test-Exclusive-746/dp/B07DJHXTLJ/ref=zg_bs_electronics_23/260-5334639-6204028?_encoding=UTF8&psc=1&refRID=8479WY48T91VRP3KPFE0,B07DJHXTLJ,"{'url': 'https://www.amazon.in/gp/bestsellers/electronics/ref=zg_bs_nav_0', 'category_name': 'electronics'}",,,,
https://www.amazon.com/Boat-BassHeads-100-Inspired-Earphones/dp/B07GQD4K6L/ref=zg_bs_electronics_19/260-5334639-6204028?_encoding=UTF8&psc=1&refRID=8479WY48T91VRP3KPFE0,B07GQD4K6L,"{'url': 'https://www.amazon.in/gp/bestsellers/electronics/ref=zg_bs_nav_0', 'category_name': 'electronics'}",,,,
https://www.amazon.com/Black-Storage-Additional-Exchange-Offers/dp/B084455L6M/ref=zg_bs_electronics_4/260-5334639-6204028?_encoding=UTF8&psc=1&refRID=8479WY48T91VRP3KPFE0,B084455L6M,"{'url': 'https://www.amazon.in/gp/bestsellers/electronics/ref=zg_bs_nav_0', 'category_name': 'electronics'}",,,,
https://www.amazon.com/pTron-Bassbuds-Wireless-Bluetooth-Headphones/dp/B07WSHWNH8/ref=zg_bs_electronics_42/260-5334639-6204028?_encoding=UTF8&psc=1&refRID=8479WY48T91VRP3KPFE0,B07WSHWNH8,"{'url': 'https://www.amazon.in/gp/bestsellers/electronics/ref=zg_bs_nav_0', 'category_name': 'electronics'}",,,,
https://www.amazon.com/SanDisk-microSDXC-Memory-Adapter-SDSQUAR-064G-GN6MA/dp/B073JYVKNX/ref=zg_bs_electronics_33/260-5334639-6204028?_encoding=UTF8&psc=1&refRID=8479WY48T91VRP3KPFE0,B073JYVKNX,"{'url': 'https://www.amazon.in/gp/bestsellers/electronics/ref=zg_bs_nav_0', 'category_name': 'electronics'}",,,,
https://www.amazon.com/Redmi-Note-Moonlight-White-Storage/dp/B07X1KT1FJ/ref=zg_bs_electronics_22/260-5334639-6204028?_encoding=UTF8&psc=1&refRID=8479WY48T91VRP3KPFE0,B07X1KT1FJ,"{'url': 'https://www.amazon.in/gp/bestsellers/electronics/ref=zg_bs_nav_0', 'category_name': 'electronics'}",,,,
https://www.amazon.com/BassHeads-152-Secure-Braided-Earphones/dp/B07KY3K2YG/ref=zg_bs_electronics_31/260-5334639-6204028?_encoding=UTF8&psc=1&refRID=8479WY48T91VRP3KPFE0,B07KY3K2YG,"{'url': 'https://www.amazon.in/gp/bestsellers/electronics/ref=zg_bs_nav_0', 'category_name': 'electronics'}",,,,
https://www.amazon.com/Mi-Earphone-Basic-Ultra-deep/dp/B07QJYB8BC/ref=zg_bs_electronics_35/260-5334639-6204028?_encoding=UTF8&psc=1&refRID=8479WY48T91VRP3KPFE0,B07QJYB8BC,"{'url': 'https://www.amazon.in/gp/bestsellers/electronics/ref=zg_bs_nav_0', 'category_name': 'electronics'}",,,,
https://www.amazon.com/Test-Exclusive-668/dp/B07HGH88GL/ref=zg_bs_electronics_16/260-5334639-6204028?_encoding=UTF8&psc=1&refRID=8479WY48T91VRP3KPFE0,B07HGH88GL,"{'url': 'https://www.amazon.in/gp/bestsellers/electronics/ref=zg_bs_nav_0', 'category_name': 'electronics'}",,,,
https://www.amazon.com/Redmi-Note-Moonlight-White-Storage/dp/B07X1KSP7N/ref=zg_bs_electronics_14/260-5334639-6204028?_encoding=UTF8&psc=1&refRID=8479WY48T91VRP3KPFE0,B07X1KSP7N,"{'url': 'https://www.amazon.in/gp/bestsellers/electronics/ref=zg_bs_nav_0', 'category_name': 'electronics'}",,,,
https://www.amazon.com/OnePlus-Bullets-Wireless-Bluetooth-Earphones/dp/B086CSGV2N/ref=zg_bs_electronics_9/260-5334639-6204028?_encoding=UTF8&psc=1&refRID=8479WY48T91VRP3KPFE0,B086CSGV2N,"{'url': 'https://www.amazon.in/gp/bestsellers/electronics/ref=zg_bs_nav_0', 'category_name': 'electronics'}",,,,
https://www.amazon.com/Redmi-Note-Pro-Electric-Processor/dp/B07X2KLYSF/ref=zg_bs_electronics_13/260-5334639-6204028?_encoding=UTF8&psc=1&refRID=8479WY48T91VRP3KPFE0,B07X2KLYSF,"{'url': 'https://www.amazon.in/gp/bestsellers/electronics/ref=zg_bs_nav_0', 'category_name': 'electronics'}",,,,
https://www.amazon.com/Samsung-Galaxy-Ocean-128GB-Storage/dp/B07HGGYWL6/ref=zg_bs_electronics_8/260-5334639-6204028?_encoding=UTF8&psc=1&refRID=8479WY48T91VRP3KPFE0,B07HGGYWL6,"{'url': 'https://www.amazon.in/gp/bestsellers/electronics/ref=zg_bs_nav_0', 'category_name': 'electronics'}",,,,
https://www.amazon.com/Redmi-Note-Neptune-Blue-Storage/dp/B07X1KT6LD/ref=zg_bs_electronics_45/260-5334639-6204028?_encoding=UTF8&psc=1&refRID=8479WY48T91VRP3KPFE0,B07X1KT6LD,"{'url': 'https://www.amazon.in/gp/bestsellers/electronics/ref=zg_bs_nav_0', 'category_name': 'electronics'}",,,,
https://www.amazon.com/Dell-Km117-Wireless-Keyboard-Mouse/dp/B01LOORNLY/ref=zg_bs_electronics_49/260-5334639-6204028?_encoding=UTF8&psc=1&refRID=8479WY48T91VRP3KPFE0,B01LOORNLY,"{'url': 'https://www.amazon.in/gp/bestsellers/electronics/ref=zg_bs_nav_0', 'category_name': 'electronics'}",,,,
https://www.amazon.com/RMA108/dp/B07XJWTYM2/ref=zg_bs_electronics_27/260-5334639-6204028?_encoding=UTF8&psc=1&refRID=8479WY48T91VRP3KPFE0,B07XJWTYM2,"{'url': 'https://www.amazon.in/gp/bestsellers/electronics/ref=zg_bs_nav_0', 'category_name': 'electronics'}",,,,
https://www.amazon.com/Redmi-Note-Pro-Electric-Processor/dp/B07X4R4F47/ref=zg_bs_electronics_3/260-5334639-6204028?_encoding=UTF8&psc=1&refRID=8479WY48T91VRP3KPFE0,B07X4R4F47,"{'url': 'https://www.amazon.in/gp/bestsellers/electronics/ref=zg_bs_nav_0', 'category_name': 'electronics'}",,,,
https://www.amazon.com/Boya-Omnidirectional-Lavalier-Condenser-Microphone/dp/B076B8G5D8/ref=zg_bs_electronics_20/260-5334639-6204028?_encoding=UTF8&psc=1&refRID=8479WY48T91VRP3KPFE0,B076B8G5D8,"{'url': 'https://www.amazon.in/gp/bestsellers/electronics/ref=zg_bs_nav_0', 'category_name': 'electronics'}",,,,
https://www.amazon.com/JBL-C100SI-Ear-Headphones-Black/dp/B01DEWVZ2C/ref=zg_bs_electronics_12/260-5334639-6204028?_encoding=UTF8&psc=1&refRID=8479WY48T91VRP3KPFE0,B01DEWVZ2C,"{'url': 'https://www.amazon.in/gp/bestsellers/electronics/ref=zg_bs_nav_0', 'category_name': 'electronics'}",,,,
https://www.amazon.com/boAt-BassHeads-100-Headphones-Black/dp/B071Z8M4KX/ref=zg_bs_electronics_2/260-5334639-6204028?_encoding=UTF8&psc=1&refRID=8479WY48T91VRP3KPFE0,B071Z8M4KX,"{'url': 'https://www.amazon.in/gp/bestsellers/electronics/ref=zg_bs_nav_0', 'category_name': 'electronics'}",,,,
https://www.amazon.com/Test-Exclusive-629/dp/B07HGLB1TJ/ref=zg_bs_electronics_6/260-5334639-6204028?_encoding=UTF8&psc=1&refRID=8479WY48T91VRP3KPFE0,B07HGLB1TJ,"{'url': 'https://www.amazon.in/gp/bestsellers/electronics/ref=zg_bs_nav_0', 'category_name': 'electronics'}",,,,
https://www.amazon.com/Redmi-Note-Pro-Storage-Processor/dp/B07X2KLKRZ/ref=zg_bs_electronics_21/260-5334639-6204028?_encoding=UTF8&psc=1&refRID=8479WY48T91VRP3KPFE0,B07X2KLKRZ,"{'url': 'https://www.amazon.in/gp/bestsellers/electronics/ref=zg_bs_nav_0', 'category_name': 'electronics'}",,,,
https://www.amazon.com/Rugged-Extra-Tough-Unbreakable-Braided/dp/B0789LZTCJ/ref=zg_bs_electronics_38/260-5334639-6204028?_encoding=UTF8&psc=1&refRID=8479WY48T91VRP3KPFE0,B0789LZTCJ,"{'url': 'https://www.amazon.in/gp/bestsellers/electronics/ref=zg_bs_nav_0', 'category_name': 'electronics'}",,,,
https://www.amazon.com/Redmi-Note-Space-Black-Storage/dp/B07X2KFN9F/ref=zg_bs_electronics_17/260-5334639-6204028?_encoding=UTF8&psc=1&refRID=8479WY48T91VRP3KPFE0,B07X2KFN9F,"{'url': 'https://www.amazon.in/gp/bestsellers/electronics/ref=zg_bs_nav_0', 'category_name': 'electronics'}",,,,
https://www.amazon.com/Sony-WI-C200-Wireless-Neck-Band-Headphones/dp/B07S13PJ3W/ref=zg_bs_electronics_41/260-5334639-6204028?_encoding=UTF8&psc=1&refRID=8479WY48T91VRP3KPFE0,B07S13PJ3W,"{'url': 'https://www.amazon.in/gp/bestsellers/electronics/ref=zg_bs_nav_0', 'category_name': 'electronics'}",,,,
https://www.amazon.com/Redmi-Punchier-Playback-Environmental-Cancellation/dp/B0892QBCW5/ref=zg_bs_electronics_11/260-5334639-6204028?_encoding=UTF8&psc=1&refRID=8479WY48T91VRP3KPFE0,B0892QBCW5,"{'url': 'https://www.amazon.in/gp/bestsellers/electronics/ref=zg_bs_nav_0', 'category_name': 'electronics'}",,,,
https://www.amazon.com/JBL-T205BT-Wireless-Earbud-Headphones/dp/B07B9G75Z9/ref=zg_bs_electronics_44/260-5334639-6204028?_encoding=UTF8&psc=1&refRID=8479WY48T91VRP3KPFE0,B07B9G75Z9,"{'url': 'https://www.amazon.in/gp/bestsellers/electronics/ref=zg_bs_nav_0', 'category_name': 'electronics'}",,,,
https://www.amazon.com/Test-Exclusive-614/dp/B07HGJJ559/ref=zg_bs_electronics_25/260-5334639-6204028?_encoding=UTF8&psc=1&refRID=8479WY48T91VRP3KPFE0,B07HGJJ559,"{'url': 'https://www.amazon.in/gp/bestsellers/electronics/ref=zg_bs_nav_0', 'category_name': 'electronics'}",,,,
https://www.amazon.com/Samsung-Galaxy-Space-Black-Storage/dp/B07HGN617M/ref=zg_bs_electronics_5/260-5334639-6204028?_encoding=UTF8&psc=1&refRID=8479WY48T91VRP3KPFE0,B07HGN617M,"{'url': 'https://www.amazon.in/gp/bestsellers/electronics/ref=zg_bs_nav_0', 'category_name': 'electronics'}",,,,
https://www.amazon.com/Test-Exclusive-557/dp/B077PWJ8RS/ref=zg_bs_electronics_1/260-5334639-6204028?_encoding=UTF8&psc=1&refRID=8479WY48T91VRP3KPFE0,B077PWJ8RS,"{'url': 'https://www.amazon.in/gp/bestsellers/electronics/ref=zg_bs_nav_0', 'category_name': 'electronics'}",,,,
https://www.amazon.com/BassHeads-102-Earphones-Multi-Function-Microphone/dp/B07S6NT9V7/ref=zg_bs_electronics_46/260-5334639-6204028?_encoding=UTF8&psc=1&refRID=8479WY48T91VRP3KPFE0,B07S6NT9V7,"{'url': 'https://www.amazon.in/gp/bestsellers/electronics/ref=zg_bs_nav_0', 'category_name': 'electronics'}",,,,
https://www.amazon.com/OPPO-Storage-Additional-Exchange-Offers/dp/B08444Z7R9/ref=zg_bs_electronics_40/260-5334639-6204028?_encoding=UTF8&psc=1&refRID=8479WY48T91VRP3KPFE0,B08444Z7R9,"{'url': 'https://www.amazon.in/gp/bestsellers/electronics/ref=zg_bs_nav_0', 'category_name': 'electronics'}",,,,
https://www.amazon.com/Samsung-Galaxy-Ocean-Blue-Storage/dp/B07HGJKDQL/ref=zg_bs_electronics_29/260-5334639-6204028?_encoding=UTF8&psc=1&refRID=8479WY48T91VRP3KPFE0,B07HGJKDQL,"{'url': 'https://www.amazon.in/gp/bestsellers/electronics/ref=zg_bs_nav_0', 'category_name': 'electronics'}",,,,
https://www.amazon.com/Logitech-B170-Wireless-Mouse-Black/dp/B01J0XWYKQ/ref=zg_bs_electronics_28/260-5334639-6204028?_encoding=UTF8&psc=1&refRID=8479WY48T91VRP3KPFE0,B01J0XWYKQ,"{'url': 'https://www.amazon.in/gp/bestsellers/electronics/ref=zg_bs_nav_0', 'category_name': 'electronics'}",,,,
https://www.amazon.com/Realme-Buds-Android-Smartphones-Black/dp/B07XMFDHSG/ref=zg_bs_electronics_7/260-5334639-6204028?_encoding=UTF8&psc=1&refRID=8479WY48T91VRP3KPFE0,B07XMFDHSG,"{'url': 'https://www.amazon.in/gp/bestsellers/electronics/ref=zg_bs_nav_0', 'category_name': 'electronics'}",,,,
https://www.amazon.com/FLIX-KART-Handheld-Chemicals-Pesticides-Lightweight/dp/B078PNNQH9/ref=zg_bs_garden_28?_encoding=UTF8&psc=1&refRID=J8FMZC4YRFTVSKAKKCYT,B078PNNQH9,"{'url': 'https://www.amazon.in/gp/bestsellers/garden/ref=zg_bs_nav_0', 'category_name': 'garden'}",,,,
https://www.amazon.com/LifeKrafts-Mosquito-Curtain-Balcony-Kitchen/dp/B07T1TSV8J/ref=zg_bs_garden_43?_encoding=UTF8&psc=1&refRID=J8FMZC4YRFTVSKAKKCYT,B07T1TSV8J,"{'url': 'https://www.amazon.in/gp/bestsellers/garden/ref=zg_bs_nav_0', 'category_name': 'garden'}",,,,
https://www.amazon.com/Amazon-Brand-Vedaka-Mustard-Seeds/dp/B07H2VGV3X/ref=zg_bs_garden_1?_encoding=UTF8&psc=1&refRID=J8FMZC4YRFTVSKAKKCYT,B07H2VGV3X,"{'url': 'https://www.amazon.in/gp/bestsellers/garden/ref=zg_bs_nav_0', 'category_name': 'garden'}",,,,
https://www.amazon.com/Kraft-Seeds-Garden-Cocopeat-Agropeat/dp/B0846F71D5/ref=zg_bs_garden_36?_encoding=UTF8&psc=1&refRID=J8FMZC4YRFTVSKAKKCYT,B0846F71D5,"{'url': 'https://www.amazon.in/gp/bestsellers/garden/ref=zg_bs_nav_0', 'category_name': 'garden'}",,,,
https://www.amazon.com/Kraft-Seeds-Pruners-Scissor-Multicolour/dp/B0151NOFQA/ref=zg_bs_garden_12?_encoding=UTF8&psc=1&refRID=J8FMZC4YRFTVSKAKKCYT,B0151NOFQA,"{'url': 'https://www.amazon.in/gp/bestsellers/garden/ref=zg_bs_nav_0', 'category_name': 'garden'}",,,,
https://www.amazon.com/PCI-Piece-Mouse-Non-Toxic-Children/dp/B010B2QYOC/ref=zg_bs_garden_34?_encoding=UTF8&psc=1&refRID=J8FMZC4YRFTVSKAKKCYT,B010B2QYOC,"{'url': 'https://www.amazon.in/gp/bestsellers/garden/ref=zg_bs_nav_0', 'category_name': 'garden'}",,,,
https://www.amazon.com/Bamboka-Barbecue-Microwave-sticks-10-inch-3mm/dp/B07VCCHMZK/ref=zg_bs_garden_11?_encoding=UTF8&psc=1&refRID=J8FMZC4YRFTVSKAKKCYT,B07VCCHMZK,"{'url': 'https://www.amazon.in/gp/bestsellers/garden/ref=zg_bs_nav_0', 'category_name': 'garden'}",,,,
https://www.amazon.com/AKSHARA-Victory-Tuscan-Mosquito-Multicolour/dp/B074J83W2W/ref=zg_bs_garden_7?_encoding=UTF8&psc=1&refRID=J8FMZC4YRFTVSKAKKCYT,B074J83W2W,"{'url': 'https://www.amazon.in/gp/bestsellers/garden/ref=zg_bs_nav_0', 'category_name': 'garden'}",,,,
https://www.amazon.com/Ugaoo-Dung-Manure-Plants-Gardening/dp/B07QD4TBKX/ref=zg_bs_garden_32?_encoding=UTF8&psc=1&refRID=J8FMZC4YRFTVSKAKKCYT,B07QD4TBKX,"{'url': 'https://www.amazon.in/gp/bestsellers/garden/ref=zg_bs_nav_0', 'category_name': 'garden'}",,,,
https://www.amazon.com/Kraft-Seeds-Multipurpose-Household-Scissor/dp/B0151NOJHK/ref=zg_bs_garden_40?_encoding=UTF8&psc=1&refRID=J8FMZC4YRFTVSKAKKCYT,B0151NOJHK,"{'url': 'https://www.amazon.in/gp/bestsellers/garden/ref=zg_bs_nav_0', 'category_name': 'garden'}",,,,
https://www.amazon.com/Kraft-Seeds-Agropeat-Cocopeat-Cultivator/dp/B0813Q5KKD/ref=zg_bs_garden_25?_encoding=UTF8&psc=1&refRID=J8FMZC4YRFTVSKAKKCYT,B0813Q5KKD,"{'url': 'https://www.amazon.in/gp/bestsellers/garden/ref=zg_bs_nav_0', 'category_name': 'garden'}",,,,
https://www.amazon.com/HIT-Ant1RoachGel-Anti-Roach-Gel/dp/B00YUNKKP8/ref=zg_bs_garden_5?_encoding=UTF8&psc=1&refRID=J8FMZC4YRFTVSKAKKCYT,B00YUNKKP8,"{'url': 'https://www.amazon.in/gp/bestsellers/garden/ref=zg_bs_nav_0', 'category_name': 'garden'}",,,,
https://www.amazon.com/Casabella-Piece-Mouse-Non-Toxic-Children/dp/B01MV6SA91/ref=zg_bs_garden_45?_encoding=UTF8&psc=1&refRID=J8FMZC4YRFTVSKAKKCYT,B01MV6SA91,"{'url': 'https://www.amazon.in/gp/bestsellers/garden/ref=zg_bs_nav_0', 'category_name': 'garden'}",,,,
https://www.amazon.com/Kraft-Seeds-Spectacular-Gardening-Scissor/dp/B07WNDFHK2/ref=zg_bs_garden_31?_encoding=UTF8&psc=1&refRID=J8FMZC4YRFTVSKAKKCYT,B07WNDFHK2,"{'url': 'https://www.amazon.in/gp/bestsellers/garden/ref=zg_bs_nav_0', 'category_name': 'garden'}",,,,
https://www.amazon.com/HIT-Spray-Dengue-Malaria-Killer/dp/B00WK1DONW/ref=zg_bs_garden_17?_encoding=UTF8&psc=1&refRID=J8FMZC4YRFTVSKAKKCYT,B00WK1DONW,"{'url': 'https://www.amazon.in/gp/bestsellers/garden/ref=zg_bs_nav_0', 'category_name': 'garden'}",,,,
https://www.amazon.com/Trust-Basket-Coco-Powder-Multicolour/dp/B07F6CRTZM/ref=zg_bs_garden_27?_encoding=UTF8&psc=1&refRID=J8FMZC4YRFTVSKAKKCYT,B07F6CRTZM,"{'url': 'https://www.amazon.in/gp/bestsellers/garden/ref=zg_bs_nav_0', 'category_name': 'garden'}",,,,
https://www.amazon.com/DeoDap-Reusable-Rubber-Gloves-Cleaning/dp/B07B9TMDV3/ref=zg_bs_garden_6?_encoding=UTF8&psc=1&refRID=J8FMZC4YRFTVSKAKKCYT,B07B9TMDV3,"{'url': 'https://www.amazon.in/gp/bestsellers/garden/ref=zg_bs_nav_0', 'category_name': 'garden'}",,,,
https://www.amazon.com/GARDEN-Spectacular-Gardening-Tools-Gloves/dp/B07D7WGBBR/ref=zg_bs_garden_9?_encoding=UTF8&psc=1&refRID=J8FMZC4YRFTVSKAKKCYT,B07D7WGBBR,"{'url': 'https://www.amazon.in/gp/bestsellers/garden/ref=zg_bs_nav_0', 'category_name': 'garden'}",,,,
https://www.amazon.com/Gadgetbucket-UnTech-Solar-Motion-Sensor/dp/B07KT67LHP/ref=zg_bs_garden_47?_encoding=UTF8&psc=1&refRID=J8FMZC4YRFTVSKAKKCYT,B07KT67LHP,"{'url': 'https://www.amazon.in/gp/bestsellers/garden/ref=zg_bs_nav_0', 'category_name': 'garden'}",,,,
https://www.amazon.com/Good-Knight-Activ-Liquid-Refill/dp/B01J7HVBM2/ref=zg_bs_garden_8?_encoding=UTF8&psc=1&refRID=J8FMZC4YRFTVSKAKKCYT,B01J7HVBM2,"{'url': 'https://www.amazon.in/gp/bestsellers/garden/ref=zg_bs_nav_0', 'category_name': 'garden'}",,,,
https://www.amazon.com/BONSAI-PLANTS-Beautiful-Adenium-Dessert/dp/B07845QJ5R/ref=zg_bs_garden_41?_encoding=UTF8&psc=1&refRID=J8FMZC4YRFTVSKAKKCYT,B07845QJ5R,"{'url': 'https://www.amazon.in/gp/bestsellers/garden/ref=zg_bs_nav_0', 'category_name': 'garden'}",,,,
https://www.amazon.com/ORCHID-ENGINEERS-Iron-Plant-Stand/dp/B0852PB8DV/ref=zg_bs_garden_16?_encoding=UTF8&psc=1&refRID=J8FMZC4YRFTVSKAKKCYT,B0852PB8DV,"{'url': 'https://www.amazon.in/gp/bestsellers/garden/ref=zg_bs_nav_0', 'category_name': 'garden'}",,,,
https://www.amazon.com/ONLY-ORGANIC-Variety-Vegetable-Instruction/dp/B075GFVKG6/ref=zg_bs_garden_23?_encoding=UTF8&psc=1&refRID=J8FMZC4YRFTVSKAKKCYT,B075GFVKG6,"{'url': 'https://www.amazon.in/gp/bestsellers/garden/ref=zg_bs_nav_0', 'category_name': 'garden'}",,,,
https://www.amazon.com/TrustBasket-COCOPEAT-EXPANDS-litres-Powder/dp/B07R9ZG3ZY/ref=zg_bs_garden_48?_encoding=UTF8&psc=1&refRID=J8FMZC4YRFTVSKAKKCYT,B07R9ZG3ZY,"{'url': 'https://www.amazon.in/gp/bestsellers/garden/ref=zg_bs_nav_0', 'category_name': 'garden'}",,,,
https://www.amazon.com/HIT-Spray-Flying-Insect-Killer/dp/B00H0FIL6I/ref=zg_bs_garden_14?_encoding=UTF8&psc=1&refRID=J8FMZC4YRFTVSKAKKCYT,B00H0FIL6I,"{'url': 'https://www.amazon.in/gp/bestsellers/garden/ref=zg_bs_nav_0', 'category_name': 'garden'}",,,,
https://www.amazon.com/Cocogarden-Cocopeat-Brick-Expands-Powder/dp/B00K4AG2CQ/ref=zg_bs_garden_13?_encoding=UTF8&psc=1&refRID=J8FMZC4YRFTVSKAKKCYT,B00K4AG2CQ,"{'url': 'https://www.amazon.in/gp/bestsellers/garden/ref=zg_bs_nav_0', 'category_name': 'garden'}",,,,
https://www.amazon.com/Elove-Lifting-Submersible-Aquarium-Fountains/dp/B07CVGLT94/ref=zg_bs_garden_18?_encoding=UTF8&psc=1&refRID=J8FMZC4YRFTVSKAKKCYT,B07CVGLT94,"{'url': 'https://www.amazon.in/gp/bestsellers/garden/ref=zg_bs_nav_0', 'category_name': 'garden'}",,,,
https://www.amazon.com/Mortein-Liquid-Vaporizer-Refill-Free/dp/B07YY9N6TY/ref=zg_bs_garden_50?_encoding=UTF8&psc=1&refRID=J8FMZC4YRFTVSKAKKCYT,B07YY9N6TY,"{'url': 'https://www.amazon.in/gp/bestsellers/garden/ref=zg_bs_nav_0', 'category_name': 'garden'}",,,,
https://www.amazon.com/Good-knight-Activ-Liquid-Refill/dp/B01N6BMUBK/ref=zg_bs_garden_2?_encoding=UTF8&psc=1&refRID=J8FMZC4YRFTVSKAKKCYT,B01N6BMUBK,"{'url': 'https://www.amazon.in/gp/bestsellers/garden/ref=zg_bs_nav_0', 'category_name': 'garden'}",,,,
https://www.amazon.com/SpikeZone-Steel-Polycarbonate-Spikes-Solution/dp/B01JCXAMG2/ref=zg_bs_garden_49?_encoding=UTF8&psc=1&refRID=J8FMZC4YRFTVSKAKKCYT,B01JCXAMG2,"{'url': 'https://www.amazon.in/gp/bestsellers/garden/ref=zg_bs_nav_0', 'category_name': 'garden'}",,,,
https://www.amazon.com/Bulfyss-Planters-Gardening-Unbreakable-Multicolour/dp/B07W94MZGX/ref=zg_bs_garden_39?_encoding=UTF8&psc=1&refRID=J8FMZC4YRFTVSKAKKCYT,B07W94MZGX,"{'url': 'https://www.amazon.in/gp/bestsellers/garden/ref=zg_bs_nav_0', 'category_name': 'garden'}",,,,
https://www.amazon.com/Klassic-Premium-Watering-Plastic-Multicolour/dp/B0748T82JS/ref=zg_bs_garden_20?_encoding=UTF8&psc=1&refRID=J8FMZC4YRFTVSKAKKCYT,B0748T82JS,"{'url': 'https://www.amazon.in/gp/bestsellers/garden/ref=zg_bs_nav_0', 'category_name': 'garden'}",,,,
https://www.amazon.com/Natural-Organic-Pressed-Plants-Measuring/dp/B075THM1T3/ref=zg_bs_garden_15?_encoding=UTF8&psc=1&refRID=J8FMZC4YRFTVSKAKKCYT,B075THM1T3,"{'url': 'https://www.amazon.in/gp/bestsellers/garden/ref=zg_bs_nav_0', 'category_name': 'garden'}",,,,
https://www.amazon.com/TrustBasket-Organic-Vermicompost-Fertilizer-Manure/dp/B07PRXV7MJ/ref=zg_bs_garden_4?_encoding=UTF8&psc=1&refRID=J8FMZC4YRFTVSKAKKCYT,B07PRXV7MJ,"{'url': 'https://www.amazon.in/gp/bestsellers/garden/ref=zg_bs_nav_0', 'category_name': 'garden'}",,,,
https://www.amazon.com/Nurturing-Green-Lucky-Bamboo-Ceramic/dp/B00UN6EVMO/ref=zg_bs_garden_35?_encoding=UTF8&psc=1&refRID=J8FMZC4YRFTVSKAKKCYT,B00UN6EVMO,"{'url': 'https://www.amazon.in/gp/bestsellers/garden/ref=zg_bs_nav_0', 'category_name': 'garden'}",,,,
https://www.amazon.com/AMish-Eco-Friendly-Repellent-Bottle-Kitchen/dp/B07CW2N5RW/ref=zg_bs_garden_38?_encoding=UTF8&psc=1&refRID=J8FMZC4YRFTVSKAKKCYT,B07CW2N5RW,"{'url': 'https://www.amazon.in/gp/bestsellers/garden/ref=zg_bs_nav_0', 'category_name': 'garden'}",,,,
https://www.amazon.com/Leafy-Tales-Vegetable-Varieties-Valentine/dp/B07WVWL8LK/ref=zg_bs_garden_46?_encoding=UTF8&psc=1&refRID=J8FMZC4YRFTVSKAKKCYT,B07WVWL8LK,"{'url': 'https://www.amazon.in/gp/bestsellers/garden/ref=zg_bs_nav_0', 'category_name': 'garden'}",,,,
https://www.amazon.com/Kraft-Seeds-Trowel/dp/B0151NNL1U/ref=zg_bs_garden_22?_encoding=UTF8&psc=1&refRID=J8FMZC4YRFTVSKAKKCYT,B0151NNL1U,"{'url': 'https://www.amazon.in/gp/bestsellers/garden/ref=zg_bs_nav_0', 'category_name': 'garden'}",,,,
https://www.amazon.com/Ugaoo-Organic-Garden-Soil-Plants/dp/B07PZ142JY/ref=zg_bs_garden_19?_encoding=UTF8&psc=1&refRID=J8FMZC4YRFTVSKAKKCYT,B07PZ142JY,"{'url': 'https://www.amazon.in/gp/bestsellers/garden/ref=zg_bs_nav_0', 'category_name': 'garden'}",,,,
https://www.amazon.com/Ugaoo-Cocopeat-Block-Garden-10/dp/B07QCNVK1M/ref=zg_bs_garden_21?_encoding=UTF8&psc=1&refRID=J8FMZC4YRFTVSKAKKCYT,B07QCNVK1M,"{'url': 'https://www.amazon.in/gp/bestsellers/garden/ref=zg_bs_nav_0', 'category_name': 'garden'}",,,,
https://www.amazon.com/Kraft-Varieties-seeds-Beautiful-Germination/dp/B07DXR4LTC/ref=zg_bs_garden_42?_encoding=UTF8&psc=1&refRID=J8FMZC4YRFTVSKAKKCYT,B07DXR4LTC,"{'url': 'https://www.amazon.in/gp/bestsellers/garden/ref=zg_bs_nav_0', 'category_name': 'garden'}",,,,
https://www.amazon.com/Luminous-Zelio-1100-Sinewave-Inverter/dp/B01994DUMW/ref=zg_bs_garden_30?_encoding=UTF8&psc=1&refRID=J8FMZC4YRFTVSKAKKCYT,B01994DUMW,"{'url': 'https://www.amazon.in/gp/bestsellers/garden/ref=zg_bs_nav_0', 'category_name': 'garden'}",,,,
https://www.amazon.com/Ugaoo-Vermicompost-Plants-Kg-Fertilizer/dp/B07SSLJQH7/ref=zg_bs_garden_26?_encoding=UTF8&psc=1&refRID=J8FMZC4YRFTVSKAKKCYT,B07SSLJQH7,"{'url': 'https://www.amazon.in/gp/bestsellers/garden/ref=zg_bs_nav_0', 'category_name': 'garden'}",,,,
https://www.amazon.com/TrustBasket-Indigo-Planter-Stand-Pot/dp/B081X28292/ref=zg_bs_garden_44?_encoding=UTF8&psc=1&refRID=J8FMZC4YRFTVSKAKKCYT,B081X28292,"{'url': 'https://www.amazon.in/gp/bestsellers/garden/ref=zg_bs_nav_0', 'category_name': 'garden'}",,,,
https://www.amazon.com/Classic-Mosquito-Net-Foldable-Saviours/dp/B00JD8EA1U/ref=zg_bs_garden_10?_encoding=UTF8&psc=1&refRID=J8FMZC4YRFTVSKAKKCYT,B00JD8EA1U,"{'url': 'https://www.amazon.in/gp/bestsellers/garden/ref=zg_bs_nav_0', 'category_name': 'garden'}",,,,
https://www.amazon.com/Classic-Mosquito-Net-Foldable-Saviours/dp/B014T5PTQQ/ref=zg_bs_garden_24?_encoding=UTF8&psc=1&refRID=J8FMZC4YRFTVSKAKKCYT,B014T5PTQQ,"{'url': 'https://www.amazon.in/gp/bestsellers/garden/ref=zg_bs_nav_0', 'category_name': 'garden'}",,,,
https://www.amazon.com/Klaxon-Nylon-Safety-Hand-Gloves/dp/B01L3RI3FW/ref=zg_bs_garden_33?_encoding=UTF8&psc=1&refRID=J8FMZC4YRFTVSKAKKCYT,B01L3RI3FW,"{'url': 'https://www.amazon.in/gp/bestsellers/garden/ref=zg_bs_nav_0', 'category_name': 'garden'}",,,,
https://www.amazon.com/HIT-Spray-Crawling-Insect-Killer/dp/B00XORDU9E/ref=zg_bs_garden_3?_encoding=UTF8&psc=1&refRID=J8FMZC4YRFTVSKAKKCYT,B00XORDU9E,"{'url': 'https://www.amazon.in/gp/bestsellers/garden/ref=zg_bs_nav_0', 'category_name': 'garden'}",,,,
https://www.amazon.com/Odomos-Naturals-Cream-100-g/dp/B01GJQ1JBC/ref=zg_bs_garden_37?_encoding=UTF8&psc=1&refRID=J8FMZC4YRFTVSKAKKCYT,B01GJQ1JBC,"{'url': 'https://www.amazon.in/gp/bestsellers/garden/ref=zg_bs_nav_0', 'category_name': 'garden'}",,,,
https://www.amazon.com/6102278-Suplemento-base-verde-Lego/dp/B00NHQF65S/ref=zg_bs_toys-and-games_44?_encoding=UTF8&psc=1&refRID=F8JPS6SMCPY0CQKK6MYD,B00NHQF65S,"{'url': 'https://www.amazon.com/Best-Sellers-Toys-Games/zgbs/toys-and-games/', 'category_name': 'toys-and-games'}",,,1.0,1591819761.352829
https://www.amazon.com/Little-Tikes-EasyScore-Basketball-Exclusive/dp/B01C5A2WJO/ref=zg_bs_toys-and-games_37?_encoding=UTF8&psc=1&refRID=F8JPS6SMCPY0CQKK6MYD,B01C5A2WJO,"{'url': 'https://www.amazon.com/Best-Sellers-Toys-Games/zgbs/toys-and-games/', 'category_name': 'toys-and-games'}",,,1.0,1591819768.671601
https://www.amazon.com/Play-Doh-Pack-Case-Blue/dp/B07BC152DC/ref=zg_bs_toys-and-games_12?_encoding=UTF8&psc=1&refRID=F8JPS6SMCPY0CQKK6MYD,B07BC152DC,"{'url': 'https://www.amazon.com/Best-Sellers-Toys-Games/zgbs/toys-and-games/', 'category_name': 'toys-and-games'}",,,1.0,1591819774.912785
https://www.amazon.com/Baby-Einstein-Creative-Composer-Musical/dp/B083XNLSN3/ref=zg_bs_toys-and-games_48?_encoding=UTF8&psc=1&refRID=F8JPS6SMCPY0CQKK6MYD,B083XNLSN3,"{'url': 'https://www.amazon.com/Best-Sellers-Toys-Games/zgbs/toys-and-games/', 'category_name': 'toys-and-games'}",,,1.0,1591819781.084426
https://www.amazon.com/First-Princess-Make-Kit-Everything/dp/B07FPWYY79/ref=zg_bs_toys-and-games_27?_encoding=UTF8&psc=1&refRID=F8JPS6SMCPY0CQKK6MYD,B07FPWYY79,"{'url': 'https://www.amazon.com/Best-Sellers-Toys-Games/zgbs/toys-and-games/', 'category_name': 'toys-and-games'}",,,1.0,1591819786.943249
https://www.amazon.com/First-Years-Stack-Up-Cups/dp/B00005C5H4/ref=zg_bs_toys-and-games_9?_encoding=UTF8&psc=1&refRID=F8JPS6SMCPY0CQKK6MYD,B00005C5H4,"{'url': 'https://www.amazon.com/Best-Sellers-Toys-Games/zgbs/toys-and-games/', 'category_name': 'toys-and-games'}",,,1.0,1591819794.203911
https://www.amazon.com/SplashEZ-Splash-Sprinkler-Toddler-Learning/dp/B0836WRWFY/ref=zg_bs_toys-and-games_5?_encoding=UTF8&psc=1&refRID=F8JPS6SMCPY0CQKK6MYD,B0836WRWFY,"{'url': 'https://www.amazon.com/Best-Sellers-Toys-Games/zgbs/toys-and-games/', 'category_name': 'toys-and-games'}",,,1.0,1591819801.272013
https://www.amazon.com/Intex-River-Lounge-Inflatable-Diameter/dp/B000PEOMC8/ref=zg_bs_toys-and-games_3?_encoding=UTF8&psc=1&refRID=F8JPS6SMCPY0CQKK6MYD,B000PEOMC8,"{'url': 'https://www.amazon.com/Best-Sellers-Toys-Games/zgbs/toys-and-games/', 'category_name': 'toys-and-games'}",,,1.0,1591819807.802644
https://www.amazon.com/Crayola-Shark-Coloring-Pages-Wonder/dp/B07PMLL5L7/ref=zg_bs_toys-and-games_18?_encoding=UTF8&psc=1&refRID=F8JPS6SMCPY0CQKK6MYD,B07PMLL5L7,"{'url': 'https://www.amazon.com/Best-Sellers-Toys-Games/zgbs/toys-and-games/', 'category_name': 'toys-and-games'}",,,1.0,1591819814.19601
https://www.amazon.com/Crayola-12-Ultra-Clean-Washable-Markers/dp/B003HGGPLW/ref=zg_bs_toys-and-games_50?_encoding=UTF8&psc=1&refRID=F8JPS6SMCPY0CQKK6MYD,B003HGGPLW,"{'url': 'https://www.amazon.com/Best-Sellers-Toys-Games/zgbs/toys-and-games/', 'category_name': 'toys-and-games'}",,,1.0,1591819819.904601
https://www.amazon.com/WOWMAZING-Giant-Bubble-Wands-Kit/dp/B01CK78BLA/ref=zg_bs_toys-and-games_24?_encoding=UTF8&psc=1&refRID=F8JPS6SMCPY0CQKK6MYD,B01CK78BLA,"{'url': 'https://www.amazon.com/Best-Sellers-Toys-Games/zgbs/toys-and-games/', 'category_name': 'toys-and-games'}",,,1.0,1591819826.585005
https://www.amazon.com/Mattel-Games-FPD61-Minecraft-Card/dp/B074RCV4HQ/ref=zg_bs_toys-and-games_30?_encoding=UTF8&psc=1&refRID=F8JPS6SMCPY0CQKK6MYD,B074RCV4HQ,"{'url': 'https://www.amazon.com/Best-Sellers-Toys-Games/zgbs/toys-and-games/', 'category_name': 'toys-and-games'}",,,1.0,1591819832.601983
https://www.amazon.com/Child-11-inch-Yoda-like-Figure-Mandalorian/dp/B0825SNHP1/ref=zg_bs_toys-and-games_23?_encoding=UTF8&psc=1&refRID=F8JPS6SMCPY0CQKK6MYD,B0825SNHP1,"{'url': 'https://www.amazon.com/Best-Sellers-Toys-Games/zgbs/toys-and-games/', 'category_name': 'toys-and-games'}",,,1.0,1591819839.222151
https://www.amazon.com/Hasbro-A5640-Connect-4-Game/dp/B00D8STBHY/ref=zg_bs_toys-and-games_8?_encoding=UTF8&psc=1&refRID=F8JPS6SMCPY0CQKK6MYD,B00D8STBHY,"{'url': 'https://www.amazon.com/Best-Sellers-Toys-Games/zgbs/toys-and-games/', 'category_name': 'toys-and-games'}",,,1.0,1591819845.800356
https://www.amazon.com/Tara-Toys-Barbie-Necklace-Activity/dp/B07WWZBF5G/ref=zg_bs_toys-and-games_7?_encoding=UTF8&psc=1&refRID=F8JPS6SMCPY0CQKK6MYD,B07WWZBF5G,"{'url': 'https://www.amazon.com/Best-Sellers-Toys-Games/zgbs/toys-and-games/', 'category_name': 'toys-and-games'}",,,1.0,1591819851.804661
https://www.amazon.com/Gazillion-Bubbles-1-Liter-Solution/dp/B001LO9TS8/ref=zg_bs_toys-and-games_34?_encoding=UTF8&psc=1&refRID=F8JPS6SMCPY0CQKK6MYD,B001LO9TS8,"{'url': 'https://www.amazon.com/Best-Sellers-Toys-Games/zgbs/toys-and-games/', 'category_name': 'toys-and-games'}",,,1.0,1591819858.085579
https://www.amazon.com/Kinetic-Sand-Sandtastic-Playset-Tools/dp/B07M5TPM8Q/ref=zg_bs_toys-and-games_49?_encoding=UTF8&psc=1&refRID=F8JPS6SMCPY0CQKK6MYD,B07M5TPM8Q,"{'url': 'https://www.amazon.com/Best-Sellers-Toys-Games/zgbs/toys-and-games/', 'category_name': 'toys-and-games'}",,,1.0,1591819864.732605
https://www.amazon.com/Crayola-Twistables-Classrooms-Preschools-Self-Sharpening/dp/B00062J99K/ref=zg_bs_toys-and-games_39?_encoding=UTF8&psc=1&refRID=F8JPS6SMCPY0CQKK6MYD,B00062J99K,"{'url': 'https://www.amazon.com/Best-Sellers-Toys-Games/zgbs/toys-and-games/', 'category_name': 'toys-and-games'}",,,1.0,1591819871.208049
https://www.amazon.com/LeapFrog-Scoop-Learn-Cream-Cart/dp/B06XKXPLRP/ref=zg_bs_toys-and-games_47?_encoding=UTF8&psc=1&refRID=F8JPS6SMCPY0CQKK6MYD,B06XKXPLRP,"{'url': 'https://www.amazon.com/Best-Sellers-Toys-Games/zgbs/toys-and-games/', 'category_name': 'toys-and-games'}",,,1.0,1591819878.933522
https://www.amazon.com/ArtCreativity-Bubble-Lawn-Mower-Electronic/dp/B07RJYZHN1/ref=zg_bs_toys-and-games_13?_encoding=UTF8&psc=1&refRID=F8JPS6SMCPY0CQKK6MYD,B07RJYZHN1,"{'url': 'https://www.amazon.com/Best-Sellers-Toys-Games/zgbs/toys-and-games/', 'category_name': 'toys-and-games'}",,,1.0,1591819884.603477
https://www.amazon.com/Inflatable-Splash-Sprinkler-Toddlers-Outdoor/dp/B082WXCM5W/ref=zg_bs_toys-and-games_6?_encoding=UTF8&psc=1&refRID=F8JPS6SMCPY0CQKK6MYD,B082WXCM5W,"{'url': 'https://www.amazon.com/Best-Sellers-Toys-Games/zgbs/toys-and-games/', 'category_name': 'toys-and-games'}",,,1.0,1591819891.151624
https://www.amazon.com/Talkies-Channels-Backlit-Flashlight-Adventure/dp/B085Y6TS3S/ref=zg_bs_toys-and-games_4?_encoding=UTF8&psc=1&refRID=F8JPS6SMCPY0CQKK6MYD,B085Y6TS3S,"{'url': 'https://www.amazon.com/Best-Sellers-Toys-Games/zgbs/toys-and-games/', 'category_name': 'toys-and-games'}",,,1.0,1591819897.314027
https://www.amazon.com/L-L-Surprise-Surprises-Including/dp/B07XSPCBVP/ref=zg_bs_toys-and-games_11?_encoding=UTF8&psc=1&refRID=F8JPS6SMCPY0CQKK6MYD,B07XSPCBVP,"{'url': 'https://www.amazon.com/Best-Sellers-Toys-Games/zgbs/toys-and-games/', 'category_name': 'toys-and-games'}",,,1.0,1591819905.299401
https://www.amazon.com/Flybar-Jumper-Toddlers-Durable-Supports/dp/B00WTDXSDM/ref=zg_bs_toys-and-games_25?_encoding=UTF8&psc=1&refRID=F8JPS6SMCPY0CQKK6MYD,B00WTDXSDM,"{'url': 'https://www.amazon.com/Best-Sellers-Toys-Games/zgbs/toys-and-games/', 'category_name': 'toys-and-games'}",,,1.0,1591819911.693373
https://www.amazon.com/CozyBomB-Magnetic-Fishing-Bathtub-Floating/dp/B07B6NP36Q/ref=zg_bs_toys-and-games_16?_encoding=UTF8&psc=1&refRID=F8JPS6SMCPY0CQKK6MYD,B07B6NP36Q,"{'url': 'https://www.amazon.com/Best-Sellers-Toys-Games/zgbs/toys-and-games/', 'category_name': 'toys-and-games'}",,,1.0,1591819918.682051
https://www.amazon.com/Sable-Inflatable-Kiddie-Outdoor-Backyard/dp/B082X1JWXC/ref=zg_bs_toys-and-games_41?_encoding=UTF8&psc=1&refRID=F8JPS6SMCPY0CQKK6MYD,B082X1JWXC,"{'url': 'https://www.amazon.com/Best-Sellers-Toys-Games/zgbs/toys-and-games/', 'category_name': 'toys-and-games'}",,,1.0,1591819924.535777
https://www.amazon.com/Waterproof-Stickers-Luggage-Scrapbook-Postcard/dp/B07QR3NWGK/ref=zg_bs_toys-and-games_20?_encoding=UTF8&psc=1&refRID=F8JPS6SMCPY0CQKK6MYD,B07QR3NWGK,"{'url': 'https://www.amazon.com/Best-Sellers-Toys-Games/zgbs/toys-and-games/', 'category_name': 'toys-and-games'}",,,1.0,1591819931.695326
https://www.amazon.com/First-Years-Disney-Mickey-Squirt/dp/B06Y1G2MH9/ref=zg_bs_toys-and-games_31?_encoding=UTF8&psc=1&refRID=F8JPS6SMCPY0CQKK6MYD,B06Y1G2MH9,"{'url': 'https://www.amazon.com/Best-Sellers-Toys-Games/zgbs/toys-and-games/', 'category_name': 'toys-and-games'}","The First Years Disney Baby Bathtime Squirt Toys, Mickey Mouse",$7.99,1.0,1591819938.492084
https://www.amazon.com/VTech-Sit-to-Stand-Learning-Walker-Blue/dp/B07CRSXMW8/ref=zg_bs_toys-and-games_14?_encoding=UTF8&psc=1&refRID=F8JPS6SMCPY0CQKK6MYD,B07CRSXMW8,"{'url': 'https://www.amazon.com/Best-Sellers-Toys-Games/zgbs/toys-and-games/', 'category_name': 'toys-and-games'}",,,1.0,1591819944.865632
https://www.amazon.com/Creativity-Kids-Glow-Dark-Painting/dp/B07SXLYQ6S/ref=zg_bs_toys-and-games_28?_encoding=UTF8&psc=1&refRID=F8JPS6SMCPY0CQKK6MYD,B07SXLYQ6S,"{'url': 'https://www.amazon.com/Best-Sellers-Toys-Games/zgbs/toys-and-games/', 'category_name': 'toys-and-games'}",,,1.0,1591819953.291026
https://www.amazon.com/SwimWays-Spring-Activity-Center-Canopy/dp/B000WQZD9U/ref=zg_bs_toys-and-games_22?_encoding=UTF8&psc=1&refRID=F8JPS6SMCPY0CQKK6MYD,B000WQZD9U,"{'url': 'https://www.amazon.com/Best-Sellers-Toys-Games/zgbs/toys-and-games/', 'category_name': 'toys-and-games'}",,,1.0,1591819960.905366
https://www.amazon.com/Exploding-Kittens-LLC-EKG-ORG1-1-Card/dp/B010TQY7A8/ref=zg_bs_toys-and-games_35?_encoding=UTF8&psc=1&refRID=F8JPS6SMCPY0CQKK6MYD,B010TQY7A8,"{'url': 'https://www.amazon.com/Best-Sellers-Toys-Games/zgbs/toys-and-games/', 'category_name': 'toys-and-games'}",,,1.0,1591819969.032928
https://www.amazon.com/Cards-Against-Humanity-LLC-CAHUS/dp/B004S8F7QM/ref=zg_bs_toys-and-games_19?_encoding=UTF8&psc=1&refRID=F8JPS6SMCPY0CQKK6MYD,B004S8F7QM,"{'url': 'https://www.amazon.com/Best-Sellers-Toys-Games/zgbs/toys-and-games/', 'category_name': 'toys-and-games'}",,,1.0,1591819975.154379
https://www.amazon.com/Fisher-Price-Rattle-Rock-Maracas-Orange/dp/B071FLSWBS/ref=zg_bs_toys-and-games_46?_encoding=UTF8&psc=1&refRID=F8JPS6SMCPY0CQKK6MYD,B071FLSWBS,"{'url': 'https://www.amazon.com/Best-Sellers-Toys-Games/zgbs/toys-and-games/', 'category_name': 'toys-and-games'}","Fisher-Price Rattle 'n Rock Maracas, Blue/Orange [Amazon Exclusive]",$6.99,1.0,1591819981.533632
https://www.amazon.com/SwimWays-Toypedo-Bandits-Pool-Diving/dp/B0038ZVPFI/ref=zg_bs_toys-and-games_43?_encoding=UTF8&psc=1&refRID=F8JPS6SMCPY0CQKK6MYD,B0038ZVPFI,"{'url': 'https://www.amazon.com/Best-Sellers-Toys-Games/zgbs/toys-and-games/', 'category_name': 'toys-and-games'}",,,1.0,1591819988.012314
https://www.amazon.com/Fix-Find-flexible-colorful-Noodles/dp/B004UHED0C/ref=zg_bs_toys-and-games_40?_encoding=UTF8&psc=1&refRID=F8JPS6SMCPY0CQKK6MYD,B004UHED0C,"{'url': 'https://www.amazon.com/Best-Sellers-Toys-Games/zgbs/toys-and-games/', 'category_name': 'toys-and-games'}","Fix Find 52 Inch Colorful Foam Pool Swim Noodle 5 Pack in Bright Jewel Tone Multicolors 52""",$13.29,1.0,1591819994.951168
https://www.amazon.com/Click-Play-Phthalate-Crush-Plastic/dp/B00PYLU3GG/ref=zg_bs_toys-and-games_45?_encoding=UTF8&psc=1&refRID=F8JPS6SMCPY0CQKK6MYD,B00PYLU3GG,"{'url': 'https://www.amazon.com/Best-Sellers-Toys-Games/zgbs/toys-and-games/', 'category_name': 'toys-and-games'}",,,1.0,1591820001.427521
https://www.amazon.com/Bunch-Balloons-Rapid-Fill-Amazon-Exclusive/dp/B07XYQY7SV/ref=zg_bs_toys-and-games_2?_encoding=UTF8&psc=1&refRID=F8JPS6SMCPY0CQKK6MYD,B07XYQY7SV,"{'url': 'https://www.amazon.com/Best-Sellers-Toys-Games/zgbs/toys-and-games/', 'category_name': 'toys-and-games'}",,,1.0,1591820007.654452
https://www.amazon.com/Animal-Suncatcher-Refill-Horizon-Group/dp/B07KD24XBS/ref=zg_bs_toys-and-games_38?_encoding=UTF8&psc=1&refRID=F8JPS6SMCPY0CQKK6MYD,B07KD24XBS,"{'url': 'https://www.amazon.com/Best-Sellers-Toys-Games/zgbs/toys-and-games/', 'category_name': 'toys-and-games'}",,,1.0,1591820013.107225
https://www.amazon.com/SunWorks-Construction-Paper-Black-Sheets/dp/B002LARR7Q/ref=zg_bs_toys-and-games_42?_encoding=UTF8&psc=1&refRID=F8JPS6SMCPY0CQKK6MYD,B002LARR7Q,"{'url': 'https://www.amazon.com/Best-Sellers-Toys-Games/zgbs/toys-and-games/', 'category_name': 'toys-and-games'}",,,1.0,1591820019.85792
https://www.amazon.com/Disney-Pixar-Story-Aliens-Figure/dp/B07HD27YZT/ref=zg_bs_toys-and-games_36?_encoding=UTF8&psc=1&refRID=F8JPS6SMCPY0CQKK6MYD,B07HD27YZT,"{'url': 'https://www.amazon.com/Best-Sellers-Toys-Games/zgbs/toys-and-games/', 'category_name': 'toys-and-games'}",,,1.0,1591820027.297692
https://www.amazon.com/Step2-Duck-Dive-Water-Table/dp/B07BFQDHH4/ref=zg_bs_toys-and-games_17?_encoding=UTF8&psc=1&refRID=F8JPS6SMCPY0CQKK6MYD,B07BFQDHH4,"{'url': 'https://www.amazon.com/Best-Sellers-Toys-Games/zgbs/toys-and-games/', 'category_name': 'toys-and-games'}",,,1.0,1591820033.210123
https://www.amazon.com/Double-Inflatables-Mattresses-Dual-Action-Attachments/dp/B084Y86V3J/ref=zg_bs_toys-and-games_21?_encoding=UTF8&psc=1&refRID=F8JPS6SMCPY0CQKK6MYD,B084Y86V3J,"{'url': 'https://www.amazon.com/Best-Sellers-Toys-Games/zgbs/toys-and-games/', 'category_name': 'toys-and-games'}",,,1.0,1591820038.158612
https://www.amazon.com/Intex-Float-Inflatable-Lounge-Colors/dp/B000OV0X4S/ref=zg_bs_toys-and-games_15?_encoding=UTF8&psc=1&refRID=F8JPS6SMCPY0CQKK6MYD,B000OV0X4S,"{'url': 'https://www.amazon.com/Best-Sellers-Toys-Games/zgbs/toys-and-games/', 'category_name': 'toys-and-games'}",,,1.0,1591820044.370992
https://www.amazon.com/Mattel-Games-Official-Amazon-Exclusive/dp/B07P6MZPK3/ref=zg_bs_toys-and-games_10?_encoding=UTF8&psc=1&refRID=F8JPS6SMCPY0CQKK6MYD,B07P6MZPK3,"{'url': 'https://www.amazon.com/Best-Sellers-Toys-Games/zgbs/toys-and-games/', 'category_name': 'toys-and-games'}",,,1.0,1591820050.674838
https://www.amazon.com/Munchkin-17040-Fishin-Bath-Toy/dp/B01N52DUNK/ref=zg_bs_toys-and-games_26?_encoding=UTF8&psc=1&refRID=F8JPS6SMCPY0CQKK6MYD,B01N52DUNK,"{'url': 'https://www.amazon.com/Best-Sellers-Toys-Games/zgbs/toys-and-games/', 'category_name': 'toys-and-games'}",Munchkin Fishin' Bath Toy,$7.73,1.0,1591820057.002227
https://www.amazon.com/Pacon-PAC6555-Lightweight-Construction-Assorted/dp/B0013CDJTS/ref=zg_bs_toys-and-games_29?_encoding=UTF8&psc=1&refRID=F8JPS6SMCPY0CQKK6MYD,B0013CDJTS,"{'url': 'https://www.amazon.com/Best-Sellers-Toys-Games/zgbs/toys-and-games/', 'category_name': 'toys-and-games'}",,,1.0,1591820063.099471
https://www.amazon.com/Jasonwell-Sprinkle-Sprinkler-Toddlers-Children/dp/B07LG9CGF1/ref=zg_bs_toys-and-games_33?_encoding=UTF8&psc=1&refRID=F8JPS6SMCPY0CQKK6MYD,B07LG9CGF1,"{'url': 'https://www.amazon.com/Best-Sellers-Toys-Games/zgbs/toys-and-games/', 'category_name': 'toys-and-games'}",,,1.0,1591820069.075055
https://www.amazon.com/Aqua-Multi-Purpose-Inflatable-Removable-Resistant/dp/B01N7FHWPY/ref=zg_bs_toys-and-games_1?_encoding=UTF8&psc=1&refRID=F8JPS6SMCPY0CQKK6MYD,B01N7FHWPY,"{'url': 'https://www.amazon.com/Best-Sellers-Toys-Games/zgbs/toys-and-games/', 'category_name': 'toys-and-games'}",,,1.0,1591820075.91372
https://www.amazon.com/Rockerz-450-Wireless-Bluetooth-Headphone/dp/B07PR1CL3S/ref=zg_bs_electronics_36/260-5334639-6204028?_encoding=UTF8&psc=1&refRID=8479WY48T91VRP3KPFE0,B07PR1CL3S,"{'url': 'https://www.amazon.in/gp/bestsellers/electronics/ref=zg_bs_nav_0', 'category_name': 'electronics'}",,,1.0,1591820078.372297
https://www.amazon.com/Mi-20000mAH-Li-Polymer-Sandstone-Charging/dp/B07VXJS7DH/ref=zg_bs_electronics_26/260-5334639-6204028?_encoding=UTF8&psc=1&refRID=8479WY48T91VRP3KPFE0,B07VXJS7DH,"{'url': 'https://www.amazon.in/gp/bestsellers/electronics/ref=zg_bs_nav_0', 'category_name': 'electronics'}",,,1.0,1591820080.836891
https://www.amazon.com/Redmi-Note-Cosmic-Purple-Storage/dp/B07X2KLKRT/ref=zg_bs_electronics_32/260-5334639-6204028?_encoding=UTF8&psc=1&refRID=8479WY48T91VRP3KPFE0,B07X2KLKRT,"{'url': 'https://www.amazon.in/gp/bestsellers/electronics/ref=zg_bs_nav_0', 'category_name': 'electronics'}",,,1.0,1591820083.258575
https://www.amazon.com/Mi-Earphones-Basic-Mic-Black/dp/B07CD2BN46/ref=zg_bs_electronics_15/260-5334639-6204028?_encoding=UTF8&psc=1&refRID=8479WY48T91VRP3KPFE0,B07CD2BN46,"{'url': 'https://www.amazon.in/gp/bestsellers/electronics/ref=zg_bs_nav_0', 'category_name': 'electronics'}",,,1.0,1591820089.207571
https://www.amazon.com/255-Bluetooth-Wireless-Earphone-Immersive/dp/B07C2VJXP4/ref=zg_bs_electronics_10/260-5334639-6204028?_encoding=UTF8&psc=1&refRID=8479WY48T91VRP3KPFE0,B07C2VJXP4,"{'url': 'https://www.amazon.in/gp/bestsellers/electronics/ref=zg_bs_nav_0', 'category_name': 'electronics'}",,,1.0,1591820091.638608
https://www.amazon.com/Fluorite-Purple-Storage-Additional-Exchange/dp/B07PTLD8P9/ref=zg_bs_electronics_30/260-5334639-6204028?_encoding=UTF8&psc=1&refRID=8479WY48T91VRP3KPFE0,B07PTLD8P9,"{'url': 'https://www.amazon.in/gp/bestsellers/electronics/ref=zg_bs_nav_0', 'category_name': 'electronics'}",,,1.0,1591820096.836372
https://www.amazon.com/HP-X1000-Wired-Mouse-Black/dp/B009VCGPSY/ref=zg_bs_electronics_48/260-5334639-6204028?_encoding=UTF8&psc=1&refRID=8479WY48T91VRP3KPFE0,B009VCGPSY,"{'url': 'https://www.amazon.in/gp/bestsellers/electronics/ref=zg_bs_nav_0', 'category_name': 'electronics'}",,,1.0,1591820099.335313
https://www.amazon.com/Test-Exclusive-669/dp/B07HGH8ML7/ref=zg_bs_electronics_24/260-5334639-6204028?_encoding=UTF8&psc=1&refRID=8479WY48T91VRP3KPFE0,B07HGH8ML7,"{'url': 'https://www.amazon.in/gp/bestsellers/electronics/ref=zg_bs_nav_0', 'category_name': 'electronics'}",,,1.0,1591820101.813097
https://www.amazon.com/BassHeads-152-Secure-Braided-Earphones/dp/B07KY2KP8M/ref=zg_bs_electronics_47/260-5334639-6204028?_encoding=UTF8&psc=1&refRID=8479WY48T91VRP3KPFE0,B07KY2KP8M,"{'url': 'https://www.amazon.in/gp/bestsellers/electronics/ref=zg_bs_nav_0', 'category_name': 'electronics'}",,,1.0,1591820104.257803
https://www.amazon.com/Redmi-Note-Pro-Storage-Processor/dp/B07X4PKGSN/ref=zg_bs_electronics_18/260-5334639-6204028?_encoding=UTF8&psc=1&refRID=8479WY48T91VRP3KPFE0,B07X4PKGSN,"{'url': 'https://www.amazon.in/gp/bestsellers/electronics/ref=zg_bs_nav_0', 'category_name': 'electronics'}",,,1.0,1591820106.970286
https://www.amazon.com/boAt-BassHeads-100-Headphones-White/dp/B07234XXJF/ref=zg_bs_electronics_37/260-5334639-6204028?_encoding=UTF8&psc=1&refRID=8479WY48T91VRP3KPFE0,B07234XXJF,"{'url': 'https://www.amazon.in/gp/bestsellers/electronics/ref=zg_bs_nav_0', 'category_name': 'electronics'}",,,1.0,1591820112.254444
https://www.amazon.com/Airdopes-441-Technology-Immersive-Resistance/dp/B086WM3RB8/ref=zg_bs_electronics_43/260-5334639-6204028?_encoding=UTF8&psc=1&refRID=8479WY48T91VRP3KPFE0,B086WM3RB8,"{'url': 'https://www.amazon.in/gp/bestsellers/electronics/ref=zg_bs_nav_0', 'category_name': 'electronics'}",,,1.0,1591820114.679421
https://www.amazon.com/BassHeads-102-Earphones-Multi-Function-Microphone/dp/B07S8PSW59/ref=zg_bs_electronics_34/260-5334639-6204028?_encoding=UTF8&psc=1&refRID=8479WY48T91VRP3KPFE0,B07S8PSW59,"{'url': 'https://www.amazon.in/gp/bestsellers/electronics/ref=zg_bs_nav_0', 'category_name': 'electronics'}",,,1.0,1591820117.062771
https://www.amazon.com/SanDisk-Cruzer-Blade-Flash-Drive/dp/B005FYNT3G/ref=zg_bs_electronics_39/260-5334639-6204028?_encoding=UTF8&psc=1&refRID=8479WY48T91VRP3KPFE0,B005FYNT3G,"{'url': 'https://www.amazon.in/gp/bestsellers/electronics/ref=zg_bs_nav_0', 'category_name': 'electronics'}",,,1.0,1591820124.643822
https://www.amazon.com/Test-Exclusive-746/dp/B07DJHXTLJ/ref=zg_bs_electronics_23/260-5334639-6204028?_encoding=UTF8&psc=1&refRID=8479WY48T91VRP3KPFE0,B07DJHXTLJ,"{'url': 'https://www.amazon.in/gp/bestsellers/electronics/ref=zg_bs_nav_0', 'category_name': 'electronics'}",,,1.0,1591820127.070611
https://www.amazon.com/Boat-BassHeads-100-Inspired-Earphones/dp/B07GQD4K6L/ref=zg_bs_electronics_19/260-5334639-6204028?_encoding=UTF8&psc=1&refRID=8479WY48T91VRP3KPFE0,B07GQD4K6L,"{'url': 'https://www.amazon.in/gp/bestsellers/electronics/ref=zg_bs_nav_0', 'category_name': 'electronics'}",,,1.0,1591820132.041819
https://www.amazon.com/Black-Storage-Additional-Exchange-Offers/dp/B084455L6M/ref=zg_bs_electronics_4/260-5334639-6204028?_encoding=UTF8&psc=1&refRID=8479WY48T91VRP3KPFE0,B084455L6M,"{'url': 'https://www.amazon.in/gp/bestsellers/electronics/ref=zg_bs_nav_0', 'category_name': 'electronics'}",,,1.0,1591820134.612783
https://www.amazon.com/pTron-Bassbuds-Wireless-Bluetooth-Headphones/dp/B07WSHWNH8/ref=zg_bs_electronics_42/260-5334639-6204028?_encoding=UTF8&psc=1&refRID=8479WY48T91VRP3KPFE0,B07WSHWNH8,"{'url': 'https://www.amazon.in/gp/bestsellers/electronics/ref=zg_bs_nav_0', 'category_name': 'electronics'}",,,1.0,1591820137.518435
https://www.amazon.com/SanDisk-microSDXC-Memory-Adapter-SDSQUAR-064G-GN6MA/dp/B073JYVKNX/ref=zg_bs_electronics_33/260-5334639-6204028?_encoding=UTF8&psc=1&refRID=8479WY48T91VRP3KPFE0,B073JYVKNX,"{'url': 'https://www.amazon.in/gp/bestsellers/electronics/ref=zg_bs_nav_0', 'category_name': 'electronics'}","SanDisk 64GB Ultra MicroSDXC UHS-I Memory Card with Adapter - 100MB/s, C10, U1, Full HD, A1, Micro SD Card - SDSQUAR-064G-GN6MA",$12.99,1.0,1591820152.577397
https://www.amazon.com/Redmi-Note-Moonlight-White-Storage/dp/B07X1KT1FJ/ref=zg_bs_electronics_22/260-5334639-6204028?_encoding=UTF8&psc=1&refRID=8479WY48T91VRP3KPFE0,B07X1KT1FJ,"{'url': 'https://www.amazon.in/gp/bestsellers/electronics/ref=zg_bs_nav_0', 'category_name': 'electronics'}",,,1.0,1591820155.015849
https://www.amazon.com/BassHeads-152-Secure-Braided-Earphones/dp/B07KY3K2YG/ref=zg_bs_electronics_31/260-5334639-6204028?_encoding=UTF8&psc=1&refRID=8479WY48T91VRP3KPFE0,B07KY3K2YG,"{'url': 'https://www.amazon.in/gp/bestsellers/electronics/ref=zg_bs_nav_0', 'category_name': 'electronics'}",,,1.0,1591820157.521301
https://www.amazon.com/Mi-Earphone-Basic-Ultra-deep/dp/B07QJYB8BC/ref=zg_bs_electronics_35/260-5334639-6204028?_encoding=UTF8&psc=1&refRID=8479WY48T91VRP3KPFE0,B07QJYB8BC,"{'url': 'https://www.amazon.in/gp/bestsellers/electronics/ref=zg_bs_nav_0', 'category_name': 'electronics'}",,,1.0,1591820160.319213
https://www.amazon.com/Test-Exclusive-668/dp/B07HGH88GL/ref=zg_bs_electronics_16/260-5334639-6204028?_encoding=UTF8&psc=1&refRID=8479WY48T91VRP3KPFE0,B07HGH88GL,"{'url': 'https://www.amazon.in/gp/bestsellers/electronics/ref=zg_bs_nav_0', 'category_name': 'electronics'}",,,1.0,1591820162.731551
https://www.amazon.com/Redmi-Note-Moonlight-White-Storage/dp/B07X1KSP7N/ref=zg_bs_electronics_14/260-5334639-6204028?_encoding=UTF8&psc=1&refRID=8479WY48T91VRP3KPFE0,B07X1KSP7N,"{'url': 'https://www.amazon.in/gp/bestsellers/electronics/ref=zg_bs_nav_0', 'category_name': 'electronics'}",,,1.0,1591820165.58453
https://www.amazon.com/OnePlus-Bullets-Wireless-Bluetooth-Earphones/dp/B086CSGV2N/ref=zg_bs_electronics_9/260-5334639-6204028?_encoding=UTF8&psc=1&refRID=8479WY48T91VRP3KPFE0,B086CSGV2N,"{'url': 'https://www.amazon.in/gp/bestsellers/electronics/ref=zg_bs_nav_0', 'category_name': 'electronics'}",,,1.0,1591820168.100809
https://www.amazon.com/Redmi-Note-Pro-Electric-Processor/dp/B07X2KLYSF/ref=zg_bs_electronics_13/260-5334639-6204028?_encoding=UTF8&psc=1&refRID=8479WY48T91VRP3KPFE0,B07X2KLYSF,"{'url': 'https://www.amazon.in/gp/bestsellers/electronics/ref=zg_bs_nav_0', 'category_name': 'electronics'}",,,1.0,1591820170.507234
https://www.amazon.com/Samsung-Galaxy-Ocean-128GB-Storage/dp/B07HGGYWL6/ref=zg_bs_electronics_8/260-5334639-6204028?_encoding=UTF8&psc=1&refRID=8479WY48T91VRP3KPFE0,B07HGGYWL6,"{'url': 'https://www.amazon.in/gp/bestsellers/electronics/ref=zg_bs_nav_0', 'category_name': 'electronics'}",,,1.0,1591820173.022623
https://www.amazon.com/Redmi-Note-Neptune-Blue-Storage/dp/B07X1KT6LD/ref=zg_bs_electronics_45/260-5334639-6204028?_encoding=UTF8&psc=1&refRID=8479WY48T91VRP3KPFE0,B07X1KT6LD,"{'url': 'https://www.amazon.in/gp/bestsellers/electronics/ref=zg_bs_nav_0', 'category_name': 'electronics'}",,,1.0,1591820175.444111
https://www.amazon.com/Dell-Km117-Wireless-Keyboard-Mouse/dp/B01LOORNLY/ref=zg_bs_electronics_49/260-5334639-6204028?_encoding=UTF8&psc=1&refRID=8479WY48T91VRP3KPFE0,B01LOORNLY,"{'url': 'https://www.amazon.in/gp/bestsellers/electronics/ref=zg_bs_nav_0', 'category_name': 'electronics'}",,,1.0,1591820181.537675
https://www.amazon.com/RMA108/dp/B07XJWTYM2/ref=zg_bs_electronics_27/260-5334639-6204028?_encoding=UTF8&psc=1&refRID=8479WY48T91VRP3KPFE0,B07XJWTYM2,"{'url': 'https://www.amazon.in/gp/bestsellers/electronics/ref=zg_bs_nav_0', 'category_name': 'electronics'}",,,1.0,1591820183.972083
https://www.amazon.com/Redmi-Note-Pro-Electric-Processor/dp/B07X4R4F47/ref=zg_bs_electronics_3/260-5334639-6204028?_encoding=UTF8&psc=1&refRID=8479WY48T91VRP3KPFE0,B07X4R4F47,"{'url': 'https://www.amazon.in/gp/bestsellers/electronics/ref=zg_bs_nav_0', 'category_name': 'electronics'}",,,1.0,1591820186.393748
https://www.amazon.com/Boya-Omnidirectional-Lavalier-Condenser-Microphone/dp/B076B8G5D8/ref=zg_bs_electronics_20/260-5334639-6204028?_encoding=UTF8&psc=1&refRID=8479WY48T91VRP3KPFE0,B076B8G5D8,"{'url': 'https://www.amazon.in/gp/bestsellers/electronics/ref=zg_bs_nav_0', 'category_name': 'electronics'}","Boya BYM1 by Shotgun Video Microphone by-M1 Ultimate 3.5mm Lapel Mic Clip-On Video Recording Omnidirectional Condenser for iPhone Android Smartphone Mac Tablet DSLR Camcorder, Black",$19.95,1.0,1591820191.657881
https://www.amazon.com/JBL-C100SI-Ear-Headphones-Black/dp/B01DEWVZ2C/ref=zg_bs_electronics_12/260-5334639-6204028?_encoding=UTF8&psc=1&refRID=8479WY48T91VRP3KPFE0,B01DEWVZ2C,"{'url': 'https://www.amazon.in/gp/bestsellers/electronics/ref=zg_bs_nav_0', 'category_name': 'electronics'}",JBL C100SI In-Ear Headphones with Mic (Black),$11.20,1.0,1591820197.029313
https://www.amazon.com/boAt-BassHeads-100-Headphones-Black/dp/B071Z8M4KX/ref=zg_bs_electronics_2/260-5334639-6204028?_encoding=UTF8&psc=1&refRID=8479WY48T91VRP3KPFE0,B071Z8M4KX,"{'url': 'https://www.amazon.in/gp/bestsellers/electronics/ref=zg_bs_nav_0', 'category_name': 'electronics'}",,,1.0,1591820204.639832
https://www.amazon.com/Test-Exclusive-629/dp/B07HGLB1TJ/ref=zg_bs_electronics_6/260-5334639-6204028?_encoding=UTF8&psc=1&refRID=8479WY48T91VRP3KPFE0,B07HGLB1TJ,"{'url': 'https://www.amazon.in/gp/bestsellers/electronics/ref=zg_bs_nav_0', 'category_name': 'electronics'}",,,1.0,1591820207.148506
https://www.amazon.com/Redmi-Note-Pro-Storage-Processor/dp/B07X2KLKRZ/ref=zg_bs_electronics_21/260-5334639-6204028?_encoding=UTF8&psc=1&refRID=8479WY48T91VRP3KPFE0,B07X2KLKRZ,"{'url': 'https://www.amazon.in/gp/bestsellers/electronics/ref=zg_bs_nav_0', 'category_name': 'electronics'}",,,1.0,1591820209.571832
https://www.amazon.com/Rugged-Extra-Tough-Unbreakable-Braided/dp/B0789LZTCJ/ref=zg_bs_electronics_38/260-5334639-6204028?_encoding=UTF8&psc=1&refRID=8479WY48T91VRP3KPFE0,B0789LZTCJ,"{'url': 'https://www.amazon.in/gp/bestsellers/electronics/ref=zg_bs_nav_0', 'category_name': 'electronics'}",,,1.0,1591820212.270475
https://www.amazon.com/Redmi-Note-Space-Black-Storage/dp/B07X2KFN9F/ref=zg_bs_electronics_17/260-5334639-6204028?_encoding=UTF8&psc=1&refRID=8479WY48T91VRP3KPFE0,B07X2KFN9F,"{'url': 'https://www.amazon.in/gp/bestsellers/electronics/ref=zg_bs_nav_0', 'category_name': 'electronics'}",,,1.0,1591820214.686135
https://www.amazon.com/Sony-WI-C200-Wireless-Neck-Band-Headphones/dp/B07S13PJ3W/ref=zg_bs_electronics_41/260-5334639-6204028?_encoding=UTF8&psc=1&refRID=8479WY48T91VRP3KPFE0,B07S13PJ3W,"{'url': 'https://www.amazon.in/gp/bestsellers/electronics/ref=zg_bs_nav_0', 'category_name': 'electronics'}",,,1.0,1591820217.904146
https://www.amazon.com/Redmi-Punchier-Playback-Environmental-Cancellation/dp/B0892QBCW5/ref=zg_bs_electronics_11/260-5334639-6204028?_encoding=UTF8&psc=1&refRID=8479WY48T91VRP3KPFE0,B0892QBCW5,"{'url': 'https://www.amazon.in/gp/bestsellers/electronics/ref=zg_bs_nav_0', 'category_name': 'electronics'}",,,1.0,1591820220.290566
https://www.amazon.com/JBL-T205BT-Wireless-Earbud-Headphones/dp/B07B9G75Z9/ref=zg_bs_electronics_44/260-5334639-6204028?_encoding=UTF8&psc=1&refRID=8479WY48T91VRP3KPFE0,B07B9G75Z9,"{'url': 'https://www.amazon.in/gp/bestsellers/electronics/ref=zg_bs_nav_0', 'category_name': 'electronics'}",,,1.0,1591820225.524362
https://www.amazon.com/Test-Exclusive-614/dp/B07HGJJ559/ref=zg_bs_electronics_25/260-5334639-6204028?_encoding=UTF8&psc=1&refRID=8479WY48T91VRP3KPFE0,B07HGJJ559,"{'url': 'https://www.amazon.in/gp/bestsellers/electronics/ref=zg_bs_nav_0', 'category_name': 'electronics'}",,,1.0,1591820227.94979
https://www.amazon.com/Samsung-Galaxy-Space-Black-Storage/dp/B07HGN617M/ref=zg_bs_electronics_5/260-5334639-6204028?_encoding=UTF8&psc=1&refRID=8479WY48T91VRP3KPFE0,B07HGN617M,"{'url': 'https://www.amazon.in/gp/bestsellers/electronics/ref=zg_bs_nav_0', 'category_name': 'electronics'}",,,1.0,1591820230.368204
https://www.amazon.com/Test-Exclusive-557/dp/B077PWJ8RS/ref=zg_bs_electronics_1/260-5334639-6204028?_encoding=UTF8&psc=1&refRID=8479WY48T91VRP3KPFE0,B077PWJ8RS,"{'url': 'https://www.amazon.in/gp/bestsellers/electronics/ref=zg_bs_nav_0', 'category_name': 'electronics'}",,,1.0,1591820232.732446
https://www.amazon.com/BassHeads-102-Earphones-Multi-Function-Microphone/dp/B07S6NT9V7/ref=zg_bs_electronics_46/260-5334639-6204028?_encoding=UTF8&psc=1&refRID=8479WY48T91VRP3KPFE0,B07S6NT9V7,"{'url': 'https://www.amazon.in/gp/bestsellers/electronics/ref=zg_bs_nav_0', 'category_name': 'electronics'}",,,1.0,1591820235.398242
https://www.amazon.com/OPPO-Storage-Additional-Exchange-Offers/dp/B08444Z7R9/ref=zg_bs_electronics_40/260-5334639-6204028?_encoding=UTF8&psc=1&refRID=8479WY48T91VRP3KPFE0,B08444Z7R9,"{'url': 'https://www.amazon.in/gp/bestsellers/electronics/ref=zg_bs_nav_0', 'category_name': 'electronics'}",,,1.0,1591820237.745473
https://www.amazon.com/Samsung-Galaxy-Ocean-Blue-Storage/dp/B07HGJKDQL/ref=zg_bs_electronics_29/260-5334639-6204028?_encoding=UTF8&psc=1&refRID=8479WY48T91VRP3KPFE0,B07HGJKDQL,"{'url': 'https://www.amazon.in/gp/bestsellers/electronics/ref=zg_bs_nav_0', 'category_name': 'electronics'}",,,1.0,1591820240.632112
https://www.amazon.com/Logitech-B170-Wireless-Mouse-Black/dp/B01J0XWYKQ/ref=zg_bs_electronics_28/260-5334639-6204028?_encoding=UTF8&psc=1&refRID=8479WY48T91VRP3KPFE0,B01J0XWYKQ,"{'url': 'https://www.amazon.in/gp/bestsellers/electronics/ref=zg_bs_nav_0', 'category_name': 'electronics'}",,,1.0,1591820243.054523
https://www.amazon.com/Realme-Buds-Android-Smartphones-Black/dp/B07XMFDHSG/ref=zg_bs_electronics_7/260-5334639-6204028?_encoding=UTF8&psc=1&refRID=8479WY48T91VRP3KPFE0,B07XMFDHSG,"{'url': 'https://www.amazon.in/gp/bestsellers/electronics/ref=zg_bs_nav_0', 'category_name': 'electronics'}",Real Buds 2 (Black),$23.06,1.0,1591820249.050383
https://www.amazon.com/FLIX-KART-Handheld-Chemicals-Pesticides-Lightweight/dp/B078PNNQH9/ref=zg_bs_garden_28?_encoding=UTF8&psc=1&refRID=J8FMZC4YRFTVSKAKKCYT,B078PNNQH9,"{'url': 'https://www.amazon.in/gp/bestsellers/garden/ref=zg_bs_nav_0', 'category_name': 'garden'}",,,1.0,1591820251.55949
https://www.amazon.com/LifeKrafts-Mosquito-Curtain-Balcony-Kitchen/dp/B07T1TSV8J/ref=zg_bs_garden_43?_encoding=UTF8&psc=1&refRID=J8FMZC4YRFTVSKAKKCYT,B07T1TSV8J,"{'url': 'https://www.amazon.in/gp/bestsellers/garden/ref=zg_bs_nav_0', 'category_name': 'garden'}",,,1.0,1591820254.263769
https://www.amazon.com/Amazon-Brand-Vedaka-Mustard-Seeds/dp/B07H2VGV3X/ref=zg_bs_garden_1?_encoding=UTF8&psc=1&refRID=J8FMZC4YRFTVSKAKKCYT,B07H2VGV3X,"{'url': 'https://www.amazon.in/gp/bestsellers/garden/ref=zg_bs_nav_0', 'category_name': 'garden'}",,,1.0,1591820256.755376
https://www.amazon.com/Kraft-Seeds-Garden-Cocopeat-Agropeat/dp/B0846F71D5/ref=zg_bs_garden_36?_encoding=UTF8&psc=1&refRID=J8FMZC4YRFTVSKAKKCYT,B0846F71D5,"{'url': 'https://www.amazon.in/gp/bestsellers/garden/ref=zg_bs_nav_0', 'category_name': 'garden'}",,,1.0,1591820263.928805
https://www.amazon.com/Kraft-Seeds-Pruners-Scissor-Multicolour/dp/B0151NOFQA/ref=zg_bs_garden_12?_encoding=UTF8&psc=1&refRID=J8FMZC4YRFTVSKAKKCYT,B0151NOFQA,"{'url': 'https://www.amazon.in/gp/bestsellers/garden/ref=zg_bs_nav_0', 'category_name': 'garden'}",,,1.0,1591820269.335626
https://www.amazon.com/PCI-Piece-Mouse-Non-Toxic-Children/dp/B010B2QYOC/ref=zg_bs_garden_34?_encoding=UTF8&psc=1&refRID=J8FMZC4YRFTVSKAKKCYT,B010B2QYOC,"{'url': 'https://www.amazon.in/gp/bestsellers/garden/ref=zg_bs_nav_0', 'category_name': 'garden'}",,,1.0,1591820274.538002
https://www.amazon.com/Bamboka-Barbecue-Microwave-sticks-10-inch-3mm/dp/B07VCCHMZK/ref=zg_bs_garden_11?_encoding=UTF8&psc=1&refRID=J8FMZC4YRFTVSKAKKCYT,B07VCCHMZK,"{'url': 'https://www.amazon.in/gp/bestsellers/garden/ref=zg_bs_nav_0', 'category_name': 'garden'}",,,1.0,1591820280.088133
https://www.amazon.com/AKSHARA-Victory-Tuscan-Mosquito-Multicolour/dp/B074J83W2W/ref=zg_bs_garden_7?_encoding=UTF8&psc=1&refRID=J8FMZC4YRFTVSKAKKCYT,B074J83W2W,"{'url': 'https://www.amazon.in/gp/bestsellers/garden/ref=zg_bs_nav_0', 'category_name': 'garden'}",,,1.0,1591820282.526628
https://www.amazon.com/Ugaoo-Dung-Manure-Plants-Gardening/dp/B07QD4TBKX/ref=zg_bs_garden_32?_encoding=UTF8&psc=1&refRID=J8FMZC4YRFTVSKAKKCYT,B07QD4TBKX,"{'url': 'https://www.amazon.in/gp/bestsellers/garden/ref=zg_bs_nav_0', 'category_name': 'garden'}",,,1.0,1591820284.932866
https://www.amazon.com/Kraft-Seeds-Multipurpose-Household-Scissor/dp/B0151NOJHK/ref=zg_bs_garden_40?_encoding=UTF8&psc=1&refRID=J8FMZC4YRFTVSKAKKCYT,B0151NOJHK,"{'url': 'https://www.amazon.in/gp/bestsellers/garden/ref=zg_bs_nav_0', 'category_name': 'garden'}",,,1.0,1591820289.986559
https://www.amazon.com/Kraft-Seeds-Agropeat-Cocopeat-Cultivator/dp/B0813Q5KKD/ref=zg_bs_garden_25?_encoding=UTF8&psc=1&refRID=J8FMZC4YRFTVSKAKKCYT,B0813Q5KKD,"{'url': 'https://www.amazon.in/gp/bestsellers/garden/ref=zg_bs_nav_0', 'category_name': 'garden'}",,,1.0,1591820292.391516
https://www.amazon.com/HIT-Ant1RoachGel-Anti-Roach-Gel/dp/B00YUNKKP8/ref=zg_bs_garden_5?_encoding=UTF8&psc=1&refRID=J8FMZC4YRFTVSKAKKCYT,B00YUNKKP8,"{'url': 'https://www.amazon.in/gp/bestsellers/garden/ref=zg_bs_nav_0', 'category_name': 'garden'}",,,1.0,1591820294.812086
https://www.amazon.com/Casabella-Piece-Mouse-Non-Toxic-Children/dp/B01MV6SA91/ref=zg_bs_garden_45?_encoding=UTF8&psc=1&refRID=J8FMZC4YRFTVSKAKKCYT,B01MV6SA91,"{'url': 'https://www.amazon.in/gp/bestsellers/garden/ref=zg_bs_nav_0', 'category_name': 'garden'}",,,1.0,1591820297.776816
https://www.amazon.com/Kraft-Seeds-Spectacular-Gardening-Scissor/dp/B07WNDFHK2/ref=zg_bs_garden_31?_encoding=UTF8&psc=1&refRID=J8FMZC4YRFTVSKAKKCYT,B07WNDFHK2,"{'url': 'https://www.amazon.in/gp/bestsellers/garden/ref=zg_bs_nav_0', 'category_name': 'garden'}",,,1.0,1591820302.758539
https://www.amazon.com/HIT-Spray-Dengue-Malaria-Killer/dp/B00WK1DONW/ref=zg_bs_garden_17?_encoding=UTF8&psc=1&refRID=J8FMZC4YRFTVSKAKKCYT,B00WK1DONW,"{'url': 'https://www.amazon.in/gp/bestsellers/garden/ref=zg_bs_nav_0', 'category_name': 'garden'}",,,1.0,1591820305.340737
https://www.amazon.com/Trust-Basket-Coco-Powder-Multicolour/dp/B07F6CRTZM/ref=zg_bs_garden_27?_encoding=UTF8&psc=1&refRID=J8FMZC4YRFTVSKAKKCYT,B07F6CRTZM,"{'url': 'https://www.amazon.in/gp/bestsellers/garden/ref=zg_bs_nav_0', 'category_name': 'garden'}",,,1.0,1591820310.278499
https://www.amazon.com/DeoDap-Reusable-Rubber-Gloves-Cleaning/dp/B07B9TMDV3/ref=zg_bs_garden_6?_encoding=UTF8&psc=1&refRID=J8FMZC4YRFTVSKAKKCYT,B07B9TMDV3,"{'url': 'https://www.amazon.in/gp/bestsellers/garden/ref=zg_bs_nav_0', 'category_name': 'garden'}",,,1.0,1591820312.696204
https://www.amazon.com/GARDEN-Spectacular-Gardening-Tools-Gloves/dp/B07D7WGBBR/ref=zg_bs_garden_9?_encoding=UTF8&psc=1&refRID=J8FMZC4YRFTVSKAKKCYT,B07D7WGBBR,"{'url': 'https://www.amazon.in/gp/bestsellers/garden/ref=zg_bs_nav_0', 'category_name': 'garden'}",,,1.0,1591820317.971847
https://www.amazon.com/Gadgetbucket-UnTech-Solar-Motion-Sensor/dp/B07KT67LHP/ref=zg_bs_garden_47?_encoding=UTF8&psc=1&refRID=J8FMZC4YRFTVSKAKKCYT,B07KT67LHP,"{'url': 'https://www.amazon.in/gp/bestsellers/garden/ref=zg_bs_nav_0', 'category_name': 'garden'}",,,1.0,1591820323.639432
https://www.amazon.com/Good-Knight-Activ-Liquid-Refill/dp/B01J7HVBM2/ref=zg_bs_garden_8?_encoding=UTF8&psc=1&refRID=J8FMZC4YRFTVSKAKKCYT,B01J7HVBM2,"{'url': 'https://www.amazon.in/gp/bestsellers/garden/ref=zg_bs_nav_0', 'category_name': 'garden'}",,,1.0,1591820326.076615
https://www.amazon.com/BONSAI-PLANTS-Beautiful-Adenium-Dessert/dp/B07845QJ5R/ref=zg_bs_garden_41?_encoding=UTF8&psc=1&refRID=J8FMZC4YRFTVSKAKKCYT,B07845QJ5R,"{'url': 'https://www.amazon.in/gp/bestsellers/garden/ref=zg_bs_nav_0', 'category_name': 'garden'}",,,1.0,1591820328.488018
https://www.amazon.com/ORCHID-ENGINEERS-Iron-Plant-Stand/dp/B0852PB8DV/ref=zg_bs_garden_16?_encoding=UTF8&psc=1&refRID=J8FMZC4YRFTVSKAKKCYT,B0852PB8DV,"{'url': 'https://www.amazon.in/gp/bestsellers/garden/ref=zg_bs_nav_0', 'category_name': 'garden'}",,,1.0,1591820333.967779
https://www.amazon.com/ONLY-ORGANIC-Variety-Vegetable-Instruction/dp/B075GFVKG6/ref=zg_bs_garden_23?_encoding=UTF8&psc=1&refRID=J8FMZC4YRFTVSKAKKCYT,B075GFVKG6,"{'url': 'https://www.amazon.in/gp/bestsellers/garden/ref=zg_bs_nav_0', 'category_name': 'garden'}",,,1.0,1591820336.403773
https://www.amazon.com/TrustBasket-COCOPEAT-EXPANDS-litres-Powder/dp/B07R9ZG3ZY/ref=zg_bs_garden_48?_encoding=UTF8&psc=1&refRID=J8FMZC4YRFTVSKAKKCYT,B07R9ZG3ZY,"{'url': 'https://www.amazon.in/gp/bestsellers/garden/ref=zg_bs_nav_0', 'category_name': 'garden'}",,,1.0,1591820341.471377
https://www.amazon.com/HIT-Spray-Flying-Insect-Killer/dp/B00H0FIL6I/ref=zg_bs_garden_14?_encoding=UTF8&psc=1&refRID=J8FMZC4YRFTVSKAKKCYT,B00H0FIL6I,"{'url': 'https://www.amazon.in/gp/bestsellers/garden/ref=zg_bs_nav_0', 'category_name': 'garden'}","Godrej HIT Mosquito and Fly Killer Spray, 625ml",$20.72,1.0,1591820347.548251
https://www.amazon.com/Cocogarden-Cocopeat-Brick-Expands-Powder/dp/B00K4AG2CQ/ref=zg_bs_garden_13?_encoding=UTF8&psc=1&refRID=J8FMZC4YRFTVSKAKKCYT,B00K4AG2CQ,"{'url': 'https://www.amazon.in/gp/bestsellers/garden/ref=zg_bs_nav_0', 'category_name': 'garden'}",,,1.0,1591820350.339978
https://www.amazon.com/Elove-Lifting-Submersible-Aquarium-Fountains/dp/B07CVGLT94/ref=zg_bs_garden_18?_encoding=UTF8&psc=1&refRID=J8FMZC4YRFTVSKAKKCYT,B07CVGLT94,"{'url': 'https://www.amazon.in/gp/bestsellers/garden/ref=zg_bs_nav_0', 'category_name': 'garden'}",,,1.0,1591820352.817551
https://www.amazon.com/Mortein-Liquid-Vaporizer-Refill-Free/dp/B07YY9N6TY/ref=zg_bs_garden_50?_encoding=UTF8&psc=1&refRID=J8FMZC4YRFTVSKAKKCYT,B07YY9N6TY,"{'url': 'https://www.amazon.in/gp/bestsellers/garden/ref=zg_bs_nav_0', 'category_name': 'garden'}",,,1.0,1591820355.349443
https://www.amazon.com/Good-knight-Activ-Liquid-Refill/dp/B01N6BMUBK/ref=zg_bs_garden_2?_encoding=UTF8&psc=1&refRID=J8FMZC4YRFTVSKAKKCYT,B01N6BMUBK,"{'url': 'https://www.amazon.in/gp/bestsellers/garden/ref=zg_bs_nav_0', 'category_name': 'garden'}",,,1.0,1591820357.800824
https://www.amazon.com/SpikeZone-Steel-Polycarbonate-Spikes-Solution/dp/B01JCXAMG2/ref=zg_bs_garden_49?_encoding=UTF8&psc=1&refRID=J8FMZC4YRFTVSKAKKCYT,B01JCXAMG2,"{'url': 'https://www.amazon.in/gp/bestsellers/garden/ref=zg_bs_nav_0', 'category_name': 'garden'}",,,1.0,1591820360.55685
https://www.amazon.com/Bulfyss-Planters-Gardening-Unbreakable-Multicolour/dp/B07W94MZGX/ref=zg_bs_garden_39?_encoding=UTF8&psc=1&refRID=J8FMZC4YRFTVSKAKKCYT,B07W94MZGX,"{'url': 'https://www.amazon.in/gp/bestsellers/garden/ref=zg_bs_nav_0', 'category_name': 'garden'}",,,1.0,1591820366.298187
https://www.amazon.com/Klassic-Premium-Watering-Plastic-Multicolour/dp/B0748T82JS/ref=zg_bs_garden_20?_encoding=UTF8&psc=1&refRID=J8FMZC4YRFTVSKAKKCYT,B0748T82JS,"{'url': 'https://www.amazon.in/gp/bestsellers/garden/ref=zg_bs_nav_0', 'category_name': 'garden'}",,,1.0,1591820371.187865
https://www.amazon.com/Natural-Organic-Pressed-Plants-Measuring/dp/B075THM1T3/ref=zg_bs_garden_15?_encoding=UTF8&psc=1&refRID=J8FMZC4YRFTVSKAKKCYT,B075THM1T3,"{'url': 'https://www.amazon.in/gp/bestsellers/garden/ref=zg_bs_nav_0', 'category_name': 'garden'}",,,1.0,1591820373.666441
https://www.amazon.com/TrustBasket-Organic-Vermicompost-Fertilizer-Manure/dp/B07PRXV7MJ/ref=zg_bs_garden_4?_encoding=UTF8&psc=1&refRID=J8FMZC4YRFTVSKAKKCYT,B07PRXV7MJ,"{'url': 'https://www.amazon.in/gp/bestsellers/garden/ref=zg_bs_nav_0', 'category_name': 'garden'}",,,1.0,1591820379.159608
https://www.amazon.com/Nurturing-Green-Lucky-Bamboo-Ceramic/dp/B00UN6EVMO/ref=zg_bs_garden_35?_encoding=UTF8&psc=1&refRID=J8FMZC4YRFTVSKAKKCYT,B00UN6EVMO,"{'url': 'https://www.amazon.in/gp/bestsellers/garden/ref=zg_bs_nav_0', 'category_name': 'garden'}",,,1.0,1591820381.593357
https://www.amazon.com/AMish-Eco-Friendly-Repellent-Bottle-Kitchen/dp/B07CW2N5RW/ref=zg_bs_garden_38?_encoding=UTF8&psc=1&refRID=J8FMZC4YRFTVSKAKKCYT,B07CW2N5RW,"{'url': 'https://www.amazon.in/gp/bestsellers/garden/ref=zg_bs_nav_0', 'category_name': 'garden'}",,,1.0,1591820384.296408
https://www.amazon.com/Leafy-Tales-Vegetable-Varieties-Valentine/dp/B07WVWL8LK/ref=zg_bs_garden_46?_encoding=UTF8&psc=1&refRID=J8FMZC4YRFTVSKAKKCYT,B07WVWL8LK,"{'url': 'https://www.amazon.in/gp/bestsellers/garden/ref=zg_bs_nav_0', 'category_name': 'garden'}",,,1.0,1591820386.70679
https://www.amazon.com/Kraft-Seeds-Trowel/dp/B0151NNL1U/ref=zg_bs_garden_22?_encoding=UTF8&psc=1&refRID=J8FMZC4YRFTVSKAKKCYT,B0151NNL1U,"{'url': 'https://www.amazon.in/gp/bestsellers/garden/ref=zg_bs_nav_0', 'category_name': 'garden'}",,,1.0,1591820391.59513
https://www.amazon.com/Ugaoo-Organic-Garden-Soil-Plants/dp/B07PZ142JY/ref=zg_bs_garden_19?_encoding=UTF8&psc=1&refRID=J8FMZC4YRFTVSKAKKCYT,B07PZ142JY,"{'url': 'https://www.amazon.in/gp/bestsellers/garden/ref=zg_bs_nav_0', 'category_name': 'garden'}",,,1.0,1591820396.833813
https://www.amazon.com/Ugaoo-Cocopeat-Block-Garden-10/dp/B07QCNVK1M/ref=zg_bs_garden_21?_encoding=UTF8&psc=1&refRID=J8FMZC4YRFTVSKAKKCYT,B07QCNVK1M,"{'url': 'https://www.amazon.in/gp/bestsellers/garden/ref=zg_bs_nav_0', 'category_name': 'garden'}",,,1.0,1591820402.079088
https://www.amazon.com/Kraft-Varieties-seeds-Beautiful-Germination/dp/B07DXR4LTC/ref=zg_bs_garden_42?_encoding=UTF8&psc=1&refRID=J8FMZC4YRFTVSKAKKCYT,B07DXR4LTC,"{'url': 'https://www.amazon.in/gp/bestsellers/garden/ref=zg_bs_nav_0', 'category_name': 'garden'}",,,1.0,1591820407.881544
https://www.amazon.com/Luminous-Zelio-1100-Sinewave-Inverter/dp/B01994DUMW/ref=zg_bs_garden_30?_encoding=UTF8&psc=1&refRID=J8FMZC4YRFTVSKAKKCYT,B01994DUMW,"{'url': 'https://www.amazon.in/gp/bestsellers/garden/ref=zg_bs_nav_0', 'category_name': 'garden'}",,,1.0,1591820410.290807
https://www.amazon.com/Ugaoo-Vermicompost-Plants-Kg-Fertilizer/dp/B07SSLJQH7/ref=zg_bs_garden_26?_encoding=UTF8&psc=1&refRID=J8FMZC4YRFTVSKAKKCYT,B07SSLJQH7,"{'url': 'https://www.amazon.in/gp/bestsellers/garden/ref=zg_bs_nav_0', 'category_name': 'garden'}",,,1.0,1591820414.958977
https://www.amazon.com/TrustBasket-Indigo-Planter-Stand-Pot/dp/B081X28292/ref=zg_bs_garden_44?_encoding=UTF8&psc=1&refRID=J8FMZC4YRFTVSKAKKCYT,B081X28292,"{'url': 'https://www.amazon.in/gp/bestsellers/garden/ref=zg_bs_nav_0', 'category_name': 'garden'}",,,1.0,1591820420.577661
https://www.amazon.com/Classic-Mosquito-Net-Foldable-Saviours/dp/B00JD8EA1U/ref=zg_bs_garden_10?_encoding=UTF8&psc=1&refRID=J8FMZC4YRFTVSKAKKCYT,B00JD8EA1U,"{'url': 'https://www.amazon.in/gp/bestsellers/garden/ref=zg_bs_nav_0', 'category_name': 'garden'}",,,1.0,1591820426.064876
https://www.amazon.com/Classic-Mosquito-Net-Foldable-Saviours/dp/B014T5PTQQ/ref=zg_bs_garden_24?_encoding=UTF8&psc=1&refRID=J8FMZC4YRFTVSKAKKCYT,B014T5PTQQ,"{'url': 'https://www.amazon.in/gp/bestsellers/garden/ref=zg_bs_nav_0', 'category_name': 'garden'}",,,1.0,1591820428.443322
https://www.amazon.com/Klaxon-Nylon-Safety-Hand-Gloves/dp/B01L3RI3FW/ref=zg_bs_garden_33?_encoding=UTF8&psc=1&refRID=J8FMZC4YRFTVSKAKKCYT,B01L3RI3FW,"{'url': 'https://www.amazon.in/gp/bestsellers/garden/ref=zg_bs_nav_0', 'category_name': 'garden'}",,,1.0,1591820430.97013
https://www.amazon.com/HIT-Spray-Crawling-Insect-Killer/dp/B00XORDU9E/ref=zg_bs_garden_3?_encoding=UTF8&psc=1&refRID=J8FMZC4YRFTVSKAKKCYT,B00XORDU9E,"{'url': 'https://www.amazon.in/gp/bestsellers/garden/ref=zg_bs_nav_0', 'category_name': 'garden'}",,,1.0,1591820433.373529
https://www.amazon.com/Odomos-Naturals-Cream-100-g/dp/B01GJQ1JBC/ref=zg_bs_garden_37?_encoding=UTF8&psc=1&refRID=J8FMZC4YRFTVSKAKKCYT,B01GJQ1JBC,"{'url': 'https://www.amazon.in/gp/bestsellers/garden/ref=zg_bs_nav_0', 'category_name': 'garden'}",,,1.0,1591820435.788213
